,,,,,,,,,,,,,,,,,
     - CO 오염도,,,,,,,,,,,,,,,,,
시.도,시군구,측정소명,"유효
자료
획득률
(%)","유효
측정
일수
(day)","유효
측정
횟수
(8hour)","유효
측정
시간
(hour)","월평균
(ppm)",1시간치,,,,,8시간치,,,,
,,,,,,,,"최저
(ppm)","최고
(ppm)",최고일시,"기준초과
(회)","초과율
(%)","최저
(ppm)","최고
(ppm)",최고일시,"기준초과
(회)","초과율
(%)"
,,,,,,,,,,,,,,,,,
서울,중구,중구,99.40,28,672,668,0.6,0.3,1.4,2019022209,,,0.5,1.2,201902220310,,
서울,종로구,종로구,99.40,28,672,668,0.8,0.4,1.8,2019020601,,,0.6,1.5,201902062003,,
서울,중랑구,중랑구,99.25,28,666,667,0.7,0.3,1.3,2019022107,,,0.5,1.1,201902210108,,
서울,동대문구,동대문구,99.40,28,672,668,0.6,0.2,1.5,2019020522,,,0.5,1.2,201902061902,,
서울,은평구,은평구,99.55,28,672,669,0.8,0.5,1.7,2019022408,,,0.7,1.3,201902210411,,
서울,마포구,마포구,99.70,28,672,670,0.6,0.3,1.6,2019020523,,,0.5,1.4,201902062003,,
서울,영등포구,영등포구,98.95,28,672,665,0.7,0.2,1.7,2019020822,,,0.5,1.4,201902240108,,
서울,동작구,동작구,99.40,28,672,668,0.6,0.3,1.5,2019022209,,,0.5,1.2,201902220411,,
서울,관악구,관악구,99.55,28,672,669,0.6,0.2,1.5,2019020522,,,0.5,1.3,201902062003,,
서울,강남구,강남구,99.40,28,672,668,0.6,0.3,1.4,2019022109,,,0.5,1.1,201902210815,,
서울,금천구,금천구,99.40,28,672,668,0.7,0.3,1.4,2019022209,,,0.5,1.2,201902220411,,
서울,강동구,강동구,99.40,28,672,668,0.6,0.3,1.2,2019022104,,,0.6,1.1,201902210108,,
서울,강북구,강북구,99.40,28,672,668,0.6,0.3,1.2,2019020221,,,0.5,1.0,201902021623,,
서울,성북구,성북구,99.70,28,672,670,0.9,0.5,1.9,2019020524,,,0.6,1.6,201902061902,,
서울,용산구,용산구,99.25,28,672,667,0.6,0.3,1.5,2019022304,,,0.5,1.2,201902220310,,
서울,광진구,광진구,99.40,28,672,668,0.9,0.4,1.9,2019022109,,,0.7,1.7,201902210209,,
서울,성동구,성동구,99.40,28,672,668,0.6,0.3,1.4,2019022109,,,0.5,1.2,201902220209,,
서울,도봉구,도봉구,76.04,21,508,511,0.7,0.3,2.4,2019020110,,,0.5,1.6,201902010411,,
서울,서대문구,서대문구,99.70,28,672,670,1.1,0.5,2.2,2019021902,,,0.8,2.0,201902212205,,
서울,구로구,구로구,99.70,28,672,670,0.4,0.2,1.4,2019022324,,,0.3,1.1,201902242104,,
서울,서초구,서초구,99.40,28,672,668,0.4,0.1,1.2,2019020524,,,0.3,1.1,201902230108,,
서울,강서구,강서구,99.25,28,672,667,0.7,0.3,1.9,2019022408,,,0.5,1.5,201902062104,,
서울,송파구,송파구,99.40,28,672,668,0.7,0.3,1.6,2019022109,,,0.6,1.3,201902210209,,
서울,양천구,양천구,99.40,28,672,668,0.7,0.3,1.9,2019020601,,,0.6,1.5,201902062003,,
서울,노원구,노원구,99.40,28,672,668,0.7,0.3,1.5,2019020607,,,0.5,1.2,201902060108,,
부산,중구,광복동,99.25,28,672,667,0.4,0.3,0.8,2019020301,,,0.4,0.7,201902031902,,
부산,남구,대연동,99.25,28,672,667,0.6,0.4,1.1,2019020304,,,0.5,0.9,201902032205,,
부산,사상구,학장동,99.40,28,672,668,0.3,0.2,0.6,2019021514,,,0.3,0.5,201902032003,,
부산,북구,덕천동,99.25,28,672,667,0.4,0.3,0.7,2019020221,,,0.4,0.6,201902021623,,
부산,사하구,장림동,99.25,28,672,667,0.7,0.2,5.8,2019021904,,,0.4,2.8,201902260310,,
부산,부산진구,전포동,99.10,28,672,666,0.3,0.1,0.8,2019020303,,,0.3,0.7,201902030108,,
부산,연제구,연산동,99.40,28,672,668,0.4,0.2,0.9,2019020301,,,0.3,0.9,201902032407,,
부산,영도구,태종대,99.40,28,672,668,0.3,0.1,0.5,2019020322,,,0.2,0.5,201902210411,,
부산,해운대구,좌동,99.40,28,672,668,0.3,0.2,0.7,2019021221,,,0.3,0.6,201902261801,,
부산,강서구,대저동,99.10,28,666,666,0.5,0.4,0.8,2019021304,,,0.5,0.8,201902260108,,
부산,강서구,녹산동,99.25,28,672,667,0.4,0.2,0.8,2019022205,,,0.3,0.6,201902220108,,
부산,기장군,기장읍,99.40,28,672,668,0.4,0.2,0.7,2019021521,,,0.3,0.5,201902031522,,
부산,금정구,부곡동,99.25,28,672,667,0.5,0.3,1.0,2019020309,,,0.4,0.7,201902030209,,
부산,기장군,용수리,98.95,28,665,665,0.4,0.2,0.7,2019020221,,,0.4,0.6,201902021724,,
부산,동구,수정동,99.25,28,672,667,0.4,0.2,0.8,2019020305,,,0.3,0.6,201902030108,,
부산,서구,대신동,99.25,28,672,667,0.5,0.3,0.9,2019022522,,,0.4,0.8,201902261801,,
부산,사상구,덕포동,99.25,28,672,667,0.6,0.4,1.1,2019020222,,,0.5,1.0,201902032003,,
대구,중구,수창동,99.25,28,672,667,0.7,0.4,1.8,2019020623,,,0.5,1.5,201902071902,,
대구,서구,이현동,98.66,28,672,663,0.5,0.2,1.1,2019020221,,,0.4,1.0,201902030108,,
대구,남구,대명동,99.10,28,666,666,0.7,0.4,2.0,2019020624,,,0.6,1.6,201902072003,,
대구,북구,노원동,99.40,28,672,668,0.5,0.2,1.1,2019020709,,,0.4,0.9,201902220209,,
대구,동구,신암동,96.57,26,650,649,0.7,0.4,1.3,2019020318,,,0.5,1.1,201902031219,,
대구,수성구,만촌동,48.95,13,330,329,0.6**,0.2,1.7,2019020622,,,0.5,1.4,201902071902,,
대구,수성구,지산동,99.25,28,672,667,0.8,0.4,1.4,2019020312,,,0.6,1.2,201902030815,,
대구,달서구,호림동,99.25,28,672,667,0.7,0.4,1.1,2019020222,,,0.5,0.9,201902030209,,
대구,동구,서호동,85.71,23,575,576,0.5,0.1,1.0,2019020703,,,0.2,0.9,201902070108,,
대구,북구,태전동,98.95,28,672,665,0.6,0.3,1.2,2019020709,,,0.4,1.0,201902210310,,
"  * ""농도값*""의 값은 자료 획득률이 50% 이상이나 75% 미만인 도시의 월평균 값임.                              * ""농도값**""의 값은 자료 획득률이 50% 미만인 도시의 월평균 값임.",,,,,,,,,,,,,,,,,
  * 경남 가음정동 측정소 : 측정소 이전으로 인한 시험가동,,,,,,,,,,,,,,,,,
대구,달성군,다사읍,51.78,14,346,348,0.4*,0.2,0.7,2019021620,,,0.3,0.7,201902170108,,
대구,달성군,현풍면,98.66,28,672,663,0.7,0.4,1.3,2019020312,,,0.5,1.2,201902030512,,
대구,수성구,시지동,99.10,28,672,666,0.7,0.3,1.4,2019020314,,,0.6,1.2,201902030815,,
대구,달서구,진천동,98.06,27,661,659,0.6,0.2,1.5,2019020323,,,0.6,1.1,201902031522,,
인천,중구,신흥,98.66,28,666,663,0.7,0.3,2.2,2019022405,,,0.6,1.6,201902060108,,
인천,동구,송림,98.80,28,672,664,0.8,0.4,3.1,2019022404,,,0.6,2.2,201902240108,,
인천,남동구,구월동,98.51,28,664,662,0.9,0.4,2.1,2019022208,,,0.7,1.7,201902240209,,
인천,남구,숭의,98.95,28,672,665,0.6,0.3,1.7,2019022306,,,0.5,1.5,201902230209,,
인천,부평구,부평,98.95,28,666,665,0.7,0.4,1.8,2019020524,,,0.6,1.6,201902240209,,
인천,서구,연희,99.10,28,672,666,0.6,0.3,1.3,2019022310,,,0.5,1.0,201902230310,,
인천,서구,석남,98.66,28,672,663,0.7,0.4,1.5,2019020605,,,0.6,1.3,201902060209,,
인천,계양구,계산,99.10,28,672,666,0.7,0.3,1.3,2019020606,,,0.6,1.1,201902060108,,
인천,남동구,고잔,85.56,24,574,575,1.0,0.4,2.3,2019021912,,,0.9,1.9,201902240108,,
인천,강화군,송해,98.66,28,666,663,0.4,0.1,0.8,2019022810,,,0.3,0.7,201902280310,,
인천,서구,검단,98.95,28,666,665,0.6,0.4,1.5,2019022608,,,0.6,1.1,201902060411,,
인천,연수구,동춘,98.80,28,672,664,0.7,0.3,1.8,2019022401,,,0.6,1.5,201902062205,,
인천,중구,운서,98.51,28,665,662,0.6,0.3,1.6,2019022110,,,0.5,0.9,201902230310,,
인천,남동구,논현,99.10,28,672,666,0.7,0.3,1.8,2019022209,,,0.6,1.4,201902220411,,
인천,서구,원당,98.66,28,666,663,0.6,0.3,1.6,2019022409,,,0.5,1.3,201902240310,,
인천,연수구,송도,98.95,28,666,665,0.7,0.2,1.7,2019022208,,,0.5,1.5,201902220411,,
인천,서구,청라,98.21,28,653,660,0.6,0.3,1.2,2019020607,,,0.5,1.1,201902060209,,
광주,동구,서석동,98.51,28,660,662,0.6,0.3,1.3,2019021912,,,0.6,1.0,201902220512,,
광주,서구,농성동,99.25,28,672,667,0.7,0.3,1.3,2019022824,,,0.6,1.1,201902060108,,
광주,북구,두암동,99.10,28,672,666,0.6,0.3,1.2,2019020309,,,0.5,0.9,201902061902,,
광주,광산구,송정1동,99.10,28,666,666,0.5,0.2,1.2,2019021419,,,0.4,1.1,201902281724,,
광주,광산구,오선동,98.66,28,666,663,0.5,0.2,1.1,2019022820,,,0.3,1.0,201902281623,,
광주,북구,건국동,98.80,28,670,664,0.5,0.2,1.0,2019020401,,,0.5,0.9,201902281724,,
광주,남구,주월동,99.25,28,672,667,0.6,0.3,1.2,2019020212,,,0.5,1.0,201902220209,,
대전,대덕구,읍내동,99.55,28,672,669,0.7,0.2,1.6,2019022107,,,0.6,1.4,201902210108,,
대전,중구,문창동,99.55,28,672,669,0.6,0.2,1.5,2019020301,,,0.4,1.2,201902032306,,
대전,유성구,구성동,99.55,28,672,669,0.5,0.2,1.0,2019022110,,,0.4,0.9,201902210411,,
대전,유성구,노은동,99.55,28,672,669,0.6,0.2,1.5,2019022401,,,0.5,1.1,201902060108,,
대전,대덕구,문평동,99.55,28,672,669,0.6,0.3,1.2,2019022107,,,0.5,1.1,201902210108,,
대전,동구,성남동,98.95,28,666,665,0.7,0.3,1.6,2019020313,,,0.5,1.2,201902210310,,
대전,서구,정림동,99.40,28,672,668,0.6,0.3,1.2,2019022210,,,0.4,1.0,201902220512,,
대전,서구,둔산동,99.40,28,672,668,0.6,0.2,1.3,2019020312,,,0.5,0.9,201902031017,,
대전,동구,대성동,99.85,28,672,671,0.5,0.2,1.1,2019022209,,,0.4,0.8,201902172003,,
대전,대덕구,상대동,99.40,28,672,668,0.5,0.2,1.0,2019022201,,,0.4,0.9,201902210108,,
울산,중구,성남동,99.70,28,672,670,0.4,0.2,1.1,2019020223,,,0.4,0.9,201902030512,,
울산,남구,부곡동,99.40,28,666,668,0.6,0.4,2.5,2019021901,,,0.5,1.0,201902031724,,
울산,남구,여천동,78.12,21,524,525,0.7,0.2,2.5,2019021601,,,0.4,1.7,201902010310,,
울산,남구,야음동,99.25,28,666,667,0.6,0.4,1.6,2019020311,,,0.5,1.1,201902030512,,
울산,남구,신정동,99.40,28,672,668,0.6,0.4,1.6,2019020312,,,0.5,1.2,201902030411,,
울산,울주군,덕신리,96.72,26,648,650,0.7,0.5,1.4,2019020708,,,0.6,1.0,201902030108,,
울산,울주군,삼남면,99.40,28,672,668,0.6,0.4,1.1,2019021020,,,0.5,0.8,201902030108,,
울산,북구,효문동,99.40,28,666,668,0.5,0.2,1.2,2019021019,,,0.4,0.8,201902032104,,
울산,울주군,화산리,98.36,28,672,661,0.7,0.4,1.5,2019020310,,,0.5,1.1,201902030815,,
울산,울주군,상남리,99.10,28,665,666,0.5,0.3,1.1,2019022619,,,0.4,0.7,201902101623,,
울산,동구,대송동,99.40,28,672,668,0.6,0.3,1.2,2019020320,,,0.5,1.1,201902031320,,
울산,남구,무거동,99.25,28,672,667,0.6,0.3,1.3,2019020312,,,0.6,1.0,201902030512,,
울산,남구,삼산동,99.55,28,672,669,0.7,0.4,1.4,2019021020,,,0.6,1.1,201902101623,,
울산,북구,농소동,98.36,28,664,661,0.8,0.5,1.7,2019021019,,,0.7,1.2,201902030310,,
"  * ""농도값*""의 값은 자료 획득률이 50% 이상이나 75% 미만인 도시의 월평균 값임.                              * ""농도값**""의 값은 자료 획득률이 50% 미만인 도시의 월평균 값임.",,,,,,,,,,,,,,,,,
  * 경남 가음정동 측정소 : 측정소 이전으로 인한 시험가동,,,,,,,,,,,,,,,,,
울산,중구,약사동,98.80,28,659,664,0.5,0.1,1.0,2019021020,,,0.4,0.7,201902101421,,
울산,동구,전하동,99.40,28,672,668,0.4,0.2,0.8,2019020622,,,0.4,0.7,201902131219,,
세종,세종,신흥동,99.40,28,672,668,0.8,0.3,1.5,2019022109,,,0.6,1.3,201902210310,,
세종,세종,아름동,99.55,28,672,669,0.6,0.3,1.2,2019022821,,,0.5,1.0,201902210411,,
세종,세종,한솔동,99.55,28,672,669,0.5,0.1,1.1,2019022822,,,0.3,0.9,201902112104,,
세종,세종,부강면,99.40,28,672,668,0.6,0.2,1.3,2019021309,,,0.5,0.9,201902030108,,
경기,수원,인계동,98.95,28,672,665,0.8,0.4,1.8,2019022323,,,0.6,1.5,201902210411,,
경기,수원,신풍동,98.95,28,672,665,0.7,0.3,1.8,2019022109,,,0.6,1.3,201902210209,,
경기,수원,광교동,99.10,28,672,666,0.7,0.1,1.5,2019022109,,,0.7,1.3,201902210209,,
경기,수원,영통동,99.10,28,672,666,0.8,0.4,1.7,2019022323,,,0.6,1.5,201902242104,,
경기,수원,천천동,99.40,28,672,668,0.6,0.2,1.5,2019022109,,,0.5,1.2,201902220209,,
경기,수원,고색동,99.25,28,672,667,0.7,0.3,1.8,2019022209,,,0.6,1.5,201902240108,,
경기,안양,안양6동,95.98,26,646,645,0.5,0.2,3.7,2019022210,,,0.4,1.8,201902220512,,
경기,안양,부림동,99.25,28,672,667,0.7,0.4,1.6,2019022209,,,0.6,1.3,201902210108,,
경기,안양,호계동,99.55,28,672,669,0.6,0.3,1.7,2019022322,,,0.5,1.2,201902242104,,
경기,안양,안양2동,98.36,28,663,661,0.7,0.2,1.3,2019021809,,,0.7,1.1,201902062205,,
경기,성남,단대동,99.40,28,672,668,0.7,0.3,1.5,2019022208,,,0.6,1.3,201902220310,,
경기,성남,정자동,99.55,28,672,669,0.7,0.3,1.6,2019022109,,,0.6,1.2,201902210108,,
경기,성남,수내동,99.25,28,672,667,0.7,0.3,1.4,2019022109,,,0.6,1.2,201902210108,,
경기,성남,복정동,96.87,26,644,651,0.7,0.2,1.7,2019022522,,,0.6,1.4,201902220108,,
경기,성남,상대원동,99.10,28,666,666,0.7,0.4,1.7,2019022210,,,0.6,1.3,201902220411,,
경기,성남,운중동,99.25,28,672,667,0.6,0.3,1.3,2019022211,,,0.6,1.0,201902212003,,
경기,의정부,의정부동,91.22,25,614,613,0.6,0.3,1.6,2019022110,,,0.5,1.1,201902210310,,
경기,의정부,의정부1동,99.10,28,666,666,0.7,0.3,1.9,2019022208,,,0.6,1.3,201902201522,,
경기,광명,철산동,96.27,26,647,647,0.7,0.2,1.8,2019022308,,,0.5,1.4,201902230108,,
경기,광명,소하동,97.91,28,657,658,0.7,0.3,1.6,2019022210,,,0.5,1.3,201902220411,,
경기,안산,고잔동,95.83,26,644,644,0.5,0.3,1.2,2019022401,,,0.4,1.0,201902230411,,
경기,안산,원시동,99.55,28,672,669,0.6,0.3,1.4,2019022208,,,0.5,1.1,201902220310,,
경기,안산,본오동,99.10,28,666,666,0.7,0.2,1.8,2019022109,,,0.6,1.3,201902210310,,
경기,안산,부곡동,73.06,20,491,491,0.7*,0.2,1.8,2019022109,,,0.6,1.3,201902210209,,
경기,안산,대부동,99.55,28,672,669,0.5,0.3,1.0,2019022304,,,0.4,0.9,201902230310,,
경기,안산,호수동,99.25,28,672,667,0.6,0.0,1.6,2019022109,,,0.3,1.3,201902210209,,
경기,평택,비전동,99.40,28,672,668,0.5,0.3,0.8,2019022108,,,0.4,0.7,201902210108,,
경기,평택,안중,99.55,28,672,669,0.4,0.2,0.8,2019022109,,,0.3,0.7,201902210209,,
경기,평택,평택항,99.40,28,672,668,0.6,0.4,1.1,2019022510,,,0.5,0.9,201902250108,,
경기,평택,송북동,99.25,28,672,667,0.6,0.4,1.3,2019021308,,,0.5,1.1,201902210108,,
경기,과천,별양동,98.95,28,672,665,0.7,0.2,1.7,2019022324,,,0.6,1.3,201902210108,,
경기,과천,과천동,98.80,28,669,664,0.8,0.3,2.0,2019020604,,,0.7,1.7,201902060209,,
경기,구리,교문동,99.40,28,672,668,0.5,0.2,1.2,2019022110,,,0.4,1.0,201902210108,,
경기,구리,동구동,99.40,28,672,668,0.5,0.2,1.1,2019022103,,,0.4,1.0,201902210209,,
경기,의왕,부곡3동,99.10,28,672,666,0.8,0.3,1.7,2019022209,,,0.6,1.4,201902220209,,
경기,의왕,고천동,87.79,24,593,590,0.7,0.3,2.3,2019022302,,,0.5,1.5,201902230209,,
경기,고양,행신동,95.23,26,640,640,0.7,0.4,1.3,2019022103,,,0.6,1.2,201902210108,,
경기,고양,식사동,98.95,28,672,665,0.5,0.3,0.8,2019020610,,,0.4,0.7,201902120411,,
경기,고양,신원동,99.40,28,672,668,0.5,0.2,1.4,2019021924,,,0.3,1.2,201902212104,,
경기,고양,주엽동,99.40,28,672,668,0.5,0.2,1.4,2019020524,,,0.4,1.3,201902242205,,
경기,광주,경안동,99.25,28,672,667,0.7,0.3,1.2,2019022119,,,0.6,1.0,201902152104,,
경기,군포,당동,95.38,26,640,641,0.7,0.3,1.6,2019022324,,,0.6,1.4,201902240108,,
경기,군포,산본동,99.55,28,672,669,0.5,0.2,1.2,2019022209,,,0.4,1.0,201902210209,,
경기,시흥,정왕동,99.10,28,672,666,0.6,0.3,1.8,2019022208,,,0.5,1.4,201902220209,,
경기,시흥,시화산단,99.10,28,672,666,0.7,0.3,1.6,2019022309,,,0.5,1.3,201902220209,,
경기,시흥,대야동,98.95,28,672,665,0.7,0.3,2.0,2019022209,,,0.5,1.5,201902220209,,
"  * ""농도값*""의 값은 자료 획득률이 50% 이상이나 75% 미만인 도시의 월평균 값임.                              * ""농도값**""의 값은 자료 획득률이 50% 미만인 도시의 월평균 값임.",,,,,,,,,,,,,,,,,
  * 경남 가음정동 측정소 : 측정소 이전으로 인한 시험가동,,,,,,,,,,,,,,,,,
경기,부천,소사본동,98.80,28,672,664,0.6,0.3,2.2,2019021809,,,0.4,1.4,201902242407,,
경기,부천,내동,98.80,28,672,664,0.5,0.2,1.5,2019020524,,,0.4,1.2,201902062104,,
경기,부천,중2동,98.51,28,672,662,0.8,0.4,1.6,2019022310,,,0.6,1.5,201902062205,,
경기,부천,오정동,97.02,27,648,652,0.7,0.4,2.6,2019022107,,,0.7,1.5,201902060108,,
경기,남양주,금곡동,98.95,28,672,665,0.6,0.3,1.4,2019022109,,,0.5,1.1,201902210310,,
경기,남양주,오남읍,98.80,28,666,664,0.6,0.2,1.2,2019020210,,,0.5,1.0,201902250310,,
경기,남양주,별내동,99.25,28,672,667,0.5,0.3,1.1,2019022109,,,0.4,0.9,201902210108,,
경기,남양주,화도읍,99.10,28,666,666,0.5,0.3,1.1,2019020622,,,0.4,1.0,201902221902,,
경기,용인,김량장동,99.10,28,672,666,0.5,0.3,1.1,2019022209,,,0.5,0.9,201902210310,,
경기,용인,수지,99.40,28,672,668,0.7,0.4,1.3,2019022211,,,0.5,1.1,201902210108,,
경기,용인,기흥,60.41,17,403,406,0.6*,0.2,1.2,2019022109,,,0.6,1.0,201902210209,,
경기,김포,사우동,99.70,28,672,670,0.6,0.3,1.5,2019022401,,,0.4,1.2,201902240108,,
경기,김포,고촌읍,99.10,28,672,666,0.3,0.1,0.9,2019022108,,,0.2,0.7,201902060310,,
경기,김포,통진읍,99.55,28,672,669,0.6,0.3,1.5,2019022108,,,0.5,1.0,201902020108,,
경기,오산,오산동,98.51,28,660,662,0.6,0.3,1.3,2019022209,,,0.5,1.1,201902220411,,
경기,하남,신장동,98.80,28,672,664,0.7,0.3,1.3,2019022110,,,0.6,1.1,201902210108,,
경기,화성,남양읍,95.98,26,647,645,0.5,0.2,1.3,2019022709,,,0.2,0.9,201902201724,,
경기,화성,향남,98.95,28,666,665,0.6,0.4,1.4,2019020123,,,0.5,1.1,201902210310,,
경기,화성,동탄동,98.95,28,660,665,0.5,0.2,1.0,2019022109,,,0.4,0.9,201902210108,,
경기,화성,우정읍,98.51,28,658,662,0.6,0.3,1.2,2019022109,,,0.5,0.9,201902120108,,
경기,화성,청계동,98.80,28,660,664,0.6,0.4,1.1,2019022110,,,0.5,0.9,201902210209,,
경기,양주,백석읍,98.95,28,666,665,0.5,0.2,1.3,2019022110,,,0.3,1.1,201902210310,,
경기,양주,고읍,99.55,28,672,669,0.5,0.2,1.6,2019022110,,,0.4,1.2,201902210310,,
경기,동두천,보산동,99.55,28,672,669,0.5,0.2,1.4,2019020110,,,0.3,1.1,201902020108,,
경기,안성,봉산동,99.40,28,672,668,0.6,0.3,1.1,2019020702,,,0.5,1.0,201902131801,,
경기,이천,창전동,99.55,28,672,669,0.7,0.3,1.4,2019022209,,,0.6,1.2,201902211724,,
경기,이천,장호원읍,99.40,28,667,668,0.5,0.2,0.9,2019022108,,,0.4,0.9,201902220108,,
경기,파주,금촌동,99.10,28,672,666,0.7,0.3,1.6,2019022107,,,0.6,1.4,201902210108,,
경기,파주,운정,99.40,28,672,668,0.6,0.3,1.6,2019022106,,,0.5,1.4,201902210108,,
경기,포천,선단동,99.10,28,672,666,0.7,0.2,1.9,2019022108,,,0.4,1.6,201902210108,,
경기,포천,일동면,99.10,28,672,666,0.7,0.4,1.2,2019022103,,,0.5,1.1,201902210108,,
경기,여주,여주,99.55,28,672,669,0.7,0.4,1.8,2019021303,,,0.6,1.2,201902130108,,
경기,연천,연천,99.55,28,672,669,0.5,0.3,1.0,2019020223,,,0.4,0.8,201902031801,,
경기,가평,가평읍,95.83,26,643,644,0.6,0.2,1.0,2019020701,,,0.5,0.8,201902030310,,
경기,양평,양평,98.95,28,672,665,0.6,0.2,1.0,2019020705,,,0.5,0.9,201902220108,,
강원,양구,양구읍,61.16,17,410,411,0.6*,0.2,1.3,2019022109,,,0.6,1.1,201902210310,,
강원,고성,상리,99.40,28,672,668,0.4,0.2,0.9,2019021224,,,0.3,0.8,201902220108,,
강원,정선,정선읍사무소,99.25,28,666,667,0.5,0.2,1.1,2019020310,,,0.5,0.9,201902030613,,
강원,횡성,횡성군,76.04,21,510,511,0.6,0.1,1.1,2019022210,,,0.4,1.3,201902011902,,
강원,춘천,중앙로,98.95,28,666,665,0.6,0.2,1.3,2019020701,,,0.5,1.0,201902220108,,
강원,춘천,석사동,98.95,28,666,665,0.7,0.2,1.6,2019020622,,,0.7,1.3,201902032003,,
강원,강릉,옥천동,98.95,28,666,665,0.4,0.1,1.0,2019020303,,,0.2,0.8,201902242205,,
강원,원주,중앙동,99.25,28,672,667,0.6,0.2,2.2,2019020319,,,0.5,1.6,201902031219,,
강원,원주,명륜동,99.10,28,672,666,0.8,0.2,2.0,2019020314,,,0.6,1.6,201902031118,,
강원,원주,문막읍,99.70,28,672,670,0.6,0.3,1.3,2019021010,,,0.5,1.0,201902220108,,
강원,동해,천곡동,98.95,28,666,665,0.5,0.2,2.0,2019022410,,,0.3,1.0,201902220310,,
강원,삼척,남양동,98.95,28,672,665,0.4,0.2,1.9,2019022407,,,0.3,1.2,201902240209,,
강원,평창,평창읍,99.10,28,672,666,0.4,0.1,1.0,2019020323,,,0.3,0.9,201902072306,,
강원,양양,양양군,99.55,28,672,669,0.6,0.1,1.3,2019020322,,,0.1,1.2,201902030411,,
강원,속초,속초시,99.70,28,672,670,0.7,0.3,2.2,2019022205,,,0.5,1.7,201902220108,,
강원,영월,영월읍,99.85,28,672,671,0.5,0.3,1.1,2019022210,,,0.4,1.0,201902030714,,
강원,철원,철원군,99.25,28,672,667,0.6,0.4,1.1,2019022023,,,0.5,1.0,201902211902,,
"  * ""농도값*""의 값은 자료 획득률이 50% 이상이나 75% 미만인 도시의 월평균 값임.                              * ""농도값**""의 값은 자료 획득률이 50% 미만인 도시의 월평균 값임.",,,,,,,,,,,,,,,,,
  * 경남 가음정동 측정소 : 측정소 이전으로 인한 시험가동,,,,,,,,,,,,,,,,,
강원,홍천,홍천읍,99.70,28,667,670,0.6,0.3,1.2,2019020622,,,0.6,1.2,201902072104,,
강원,화천,화천군,100.00,28,667,672,0.7,0.1,1.4,2019022103,,,0.2,1.3,201902210108,,
강원,태백,태백시,96.42,27,642,648,0.4,0.1,1.9,2019022109,,,0.2,0.9,201902220310,,
충북,괴산,괴산읍,99.70,28,667,670,0.6,0.3,1.2,2019020124,,,0.5,1.0,201902132205,,
충북,음성,음성읍,99.70,28,667,670,0.6,0.3,1.4,2019022323,,,0.4,1.1,201902062104,,
충북,청주,송정동,98.95,28,672,665,0.4,0.0,1.3,2019022822,,,0.3,0.9,201902020613,,
충북,청주,사천동,99.10,28,672,666,0.7,0.4,1.4,2019022110,,,0.6,1.1,201902061902,,
충북,청주,문화동,99.10,28,672,666,0.6,0.3,1.4,2019020313,,,0.5,1.1,201902032003,,
충북,청주,용암동,98.80,28,660,664,0.4,0.1,1.2,2019020303,,,0.3,1.0,201902030714,,
충북,청주,오창읍,99.25,28,672,667,0.4,0.2,1.0,2019020312,,,0.2,0.8,201902060209,,
충북,청주,산남동,99.40,28,667,668,0.6,0.2,1.4,2019022823,,,0.5,1.0,201902220108,,
충북,청주,오송읍,99.55,28,667,669,0.5,0.2,1.2,2019022823,,,0.3,0.9,201902281623,,
충북,충주,호암동,99.10,28,672,666,0.7,0.2,2.3,2019020317,,,0.5,1.4,201902031017,,
충북,충주,칠금동,99.25,28,672,667,0.7,0.3,2.1,2019020317,,,0.5,1.4,201902031118,,
충북,제천,장락동,98.95,28,672,665,0.6,0.0,2.0,2019022211,,,0.3,1.7,201902250108,,
충북,단양,매포읍,98.66,28,666,663,0.6,0.2,2.7,2019022211,,,0.4,1.3,201902220512,,
충북,진천,진천읍,99.25,28,666,667,0.8,0.4,1.4,2019021702,,,0.7,1.2,201902031902,,
충북,옥천,옥천읍,97.02,27,646,652,0.9,0.5,1.6,2019021309,,,0.7,1.3,201902021724,,
충북,영동,영동읍,98.80,28,660,664,0.6,0.1,1.2,2019021309,,,0.3,1.0,201902130108,,
충북,증평,증평읍,99.70,28,672,670,0.6,0.2,1.1,2019021310,,,0.4,1.0,201902130108,,
충북,보은,보은읍,99.40,28,672,668,0.6,0.3,1.1,2019021309,,,0.5,0.9,201902130209,,
충남,천안,성황동,98.66,28,666,663,0.8,0.2,2.1,2019022821,,,0.6,1.4,201902120209,,
충남,천안,백석동,98.66,28,666,663,0.7,0.3,1.9,2019020704,,,0.6,1.2,201902210310,,
충남,천안,성거읍,99.25,28,672,667,0.7,0.4,1.3,2019022209,,,0.6,1.1,201902281522,,
충남,당진,송산면,90.47,25,610,608,1.0,0.4,3.9,2019020402,,,0.7,1.9,201902040108,,
충남,당진,당진시청사,99.10,28,672,666,0.6,0.3,1.2,2019022022,,,0.5,1.1,201902281623,,
충남,서산,독곶리,99.25,28,672,667,0.7,0.3,1.1,2019022312,,,0.4,1.0,201902230512,,
충남,서산,동문동,99.10,28,672,666,0.9,0.4,1.7,2019022323,,,0.7,1.5,201902210209,,
충남,서산,대산리,98.95,28,672,665,0.8,0.4,2.4,2019021911,,,0.7,1.4,201902280714,,
충남,아산,모종동,98.95,28,672,665,0.7,0.4,1.7,2019022321,,,0.6,1.2,201902210108,,
충남,아산,배방읍,98.95,28,666,665,0.7,0.4,1.2,2019021420,,,0.6,1.0,201902141724,,
충남,아산,도고면,98.95,28,672,665,0.5,0.3,1.2,2019020817,,,0.4,1.0,201902281623,,
충남,아산,둔포면,72.02,20,484,484,0.5*,0.3,1.1,2019022820,,,0.4,0.9,201902281724,,
충남,아산,인주면,98.66,28,666,663,0.6,0.3,1.3,2019022512,,,0.5,0.9,201902161017,,
충남,논산,논산,98.66,28,666,663,0.7,0.3,1.2,2019020520,,,0.5,1.1,201902061801,,
충남,태안,이원면,98.95,28,672,665,0.7,0.4,1.3,2019022812,,,0.5,1.3,201902281017,,
충남,태안,태안읍,98.95,28,672,665,0.6,0.3,1.3,2019022812,,,0.5,1.3,201902281118,,
충남,보령,대천2동,98.80,28,672,664,0.6,0.3,1.2,2019022821,,,0.5,1.2,201902281724,,
충남,보령,주교면,95.98,27,642,645,0.8,0.5,1.4,2019021208,,,0.7,1.3,201902120209,,
충남,홍성,홍성읍,99.10,28,672,666,0.6,0.3,1.4,2019022108,,,0.5,1.1,201902281724,,
충남,홍성,내포,98.95,28,667,665,0.7,0.3,1.2,2019022809,,,0.5,1.1,201902281522,,
충남,공주,공주,99.40,28,672,668,0.6,0.4,1.2,2019022820,,,0.5,1.1,201902281724,,
충남,부여,부여읍,99.10,28,672,666,0.7,0.4,1.4,2019022823,,,0.6,1.2,201902281623,,
충남,청양,청양읍,99.10,28,672,666,0.6,0.3,1.2,2019022823,,,0.5,1.1,201902281724,,
충남,금산,금산읍,99.10,28,672,666,0.6,0.3,1.1,2019022824,,,0.5,0.9,201902061902,,
충남,예산,예산군,99.40,28,672,668,0.7,0.3,1.3,2019022820,,,0.6,1.2,201902281724,,
충남,계룡,엄사면,99.10,28,672,666,0.6,0.3,1.3,2019022109,,,0.5,1.1,201902210310,,
충남,서천,서천읍,99.25,28,672,667,0.7,0.4,1.4,2019022824,,,0.6,1.3,201902281623,,
충남,서천,서면,98.95,28,672,665,0.6,0.2,1.1,2019022817,,,0.4,1.1,201902281522,,
충남,서천,장항읍,98.66,28,661,663,0.7,0.4,1.2,2019020524,,,0.6,1.1,201902170108,,
전북,임실,임실읍,99.85,28,672,671,0.5,0.3,1.0,2019020312,,,0.4,0.9,201902281724,,
전북,전주,삼천동,99.70,28,672,670,0.6,0.3,1.2,2019022823,,,0.5,1.0,201902281623,,
"  * ""농도값*""의 값은 자료 획득률이 50% 이상이나 75% 미만인 도시의 월평균 값임.                              * ""농도값**""의 값은 자료 획득률이 50% 미만인 도시의 월평균 값임.",,,,,,,,,,,,,,,,,
  * 경남 가음정동 측정소 : 측정소 이전으로 인한 시험가동,,,,,,,,,,,,,,,,,
전북,전주,팔복동,99.55,28,672,669,0.8,0.4,1.5,2019022819,,,0.6,1.4,201902281724,,
전북,전주,중앙동,99.40,28,672,668,0.6,0.3,1.2,2019022823,,,0.5,1.0,201902281724,,
전북,전주,송천동,99.40,28,672,668,0.5,0.2,1.2,2019022819,,,0.5,1.1,201902281724,,
전북,군산,신풍동,99.70,28,672,670,0.7,0.4,1.5,2019020602,,,0.6,1.3,201902281623,,
전북,군산,소룡동,99.85,28,672,671,0.6,0.3,1.1,2019022108,,,0.5,1.1,201902281522,,
전북,군산,개정동,58.03,16,382,390,0.8*,0.3,1.3,2019022104,,,0.5,1.3,201902210108,,
전북,익산,남중동,98.66,28,658,663,0.5,0.2,1.2,2019022819,,,0.5,1.1,201902281724,,
전북,익산,팔봉동,99.10,28,666,666,0.6,0.3,1.2,2019022819,,,0.4,1.1,201902281623,,
전북,익산,모현동,99.70,28,672,670,0.5,0.2,1.2,2019022109,,,0.5,1.0,201902281623,,
전북,남원,죽항동,94.49,26,629,635,0.6,0.3,1.1,2019020620,,,0.5,0.9,201902212104,,
전북,정읍,연지동,99.40,28,666,668,0.5,0.2,1.2,2019022819,,,0.4,1.1,201902281623,,
전북,정읍,신태인,100.00,28,672,672,0.5,0.3,1.2,2019022819,,,0.5,1.2,201902281724,,
전북,고창,고창읍,96.42,26,647,648,0.5,0.2,1.1,2019022517,,,0.3,1.0,201902251118,,
전북,고창,심원면,100.00,28,672,672,0.5,0.3,1.1,2019022819,,,0.5,1.0,201902281522,,
전북,부안,부안읍,99.10,28,660,666,0.6,0.3,1.3,2019022819,,,0.5,1.2,201902281522,,
전북,김제,요촌동,48.95,13,330,329,0.5**,0.1,1.3,2019022819,,,0.4,1.2,201902281724,,
전북,완주,고산면,95.68,28,627,643,0.5,0.1,1.1,2019022820,,,0.4,1.0,201902281623,,
전북,진안,진안읍,98.95,28,666,665,0.5,0.2,0.9,2019020208,,,0.3,0.8,201902170108,,
전북,무주,무주읍,99.40,28,672,668,0.5,0.3,0.9,2019022520,,,0.5,0.8,201902130209,,
전북,순창,순창읍,99.40,28,672,668,0.4,0.1,0.8,2019020312,,,0.2,0.7,201902281623,,
전북,장수,장수읍,99.70,28,672,670,0.5,0.3,0.9,2019022524,,,0.4,0.9,201902262205,,
전남,여수,서강동,99.55,28,672,669,0.4,0.1,1.8,2019022615,,,0.2,0.9,201902261017,,
전남,여수,월내동,98.95,28,672,665,0.7,0.3,3.0,2019021121,,,0.6,1.6,201902111724,,
전남,여수,문수동,99.10,28,672,666,0.7,0.3,2.2,2019022616,,,0.5,1.6,201902261017,,
전남,여수,여천동,99.10,28,672,666,0.7,0.3,2.4,2019022611,,,0.4,1.6,201902181724,,
전남,여수,덕충동,98.95,28,672,665,0.7,0.3,3.9,2019022615,,,0.4,1.6,201902261219,,
전남,여수,화양면,98.95,28,672,665,0.5,0.2,1.5,2019022209,,,0.4,1.1,201902220714,,
전남,여수,율촌면,98.51,28,672,662,0.6,0.3,2.0,2019020513,,,0.4,1.4,201902051017,,
전남,여수,삼일동,99.10,28,666,666,0.7,0.3,3.6,2019022613,,,0.6,1.9,201902260815,,
전남,광양,중동,99.40,28,667,668,0.6,0.3,2.9,2019022511,,,0.4,1.2,201902060613,,
전남,광양,태인동,99.10,28,672,666,0.6,0.3,3.2,2019022513,,,0.4,1.5,201902221623,,
전남,광양,진상면,98.95,28,660,665,0.6,0.2,2.1,2019021015,,,0.4,1.5,201902060209,,
전남,광양,광양읍,99.25,28,672,667,0.7,0.3,2.0,2019020607,,,0.5,1.6,201902060310,,
전남,순천,장천동,99.40,28,672,668,0.4,0.1,1.6,2019020611,,,0.3,1.1,201902181421,,
전남,순천,연향동,99.25,28,666,667,0.5,0.3,1.8,2019020314,,,0.4,1.5,201902030714,,
전남,순천,순천만,99.10,28,666,666,0.7,0.1,2.1,2019020513,,,0.5,1.5,201902060916,,
전남,순천,호두리,90.62,25,599,609,0.6,0.1,2.8,2019020613,,,0.3,1.8,201902060714,,
전남,순천,신대,99.55,28,672,669,0.6,0.3,2.3,2019020611,,,0.4,1.4,201902030714,,
전남,목포,용당동,99.40,28,672,668,0.8,0.5,1.5,2019022324,,,0.6,1.4,201902240108,,
전남,목포,부흥동,99.55,28,672,669,0.7,0.4,1.2,2019022517,,,0.5,1.0,201902230209,,
전남,영암,나불리,99.40,28,672,668,0.5,0.3,1.3,2019022819,,,0.4,1.2,201902281623,,
전남,나주,빛가람동,99.40,28,672,668,0.5,0.3,1.0,2019022820,,,0.3,1.0,201902281724,,
전남,담양,담양읍,99.40,28,672,668,0.5,0.2,0.9,2019022823,,,0.3,0.8,201902281623,,
전남,장성,장성읍,100.00,28,672,672,0.5,0.3,1.0,2019022820,,,0.4,1.0,201902281724,,
전남,해남,해남읍,99.10,28,660,666,0.5,0.3,1.1,2019022820,,,0.4,1.0,201902281623,,
전남,영광,영광읍,100.00,28,672,672,0.6,0.4,1.2,2019022817,,,0.5,1.1,201902281522,,
전남,장흥,장흥읍,99.70,28,672,670,0.5,0.3,1.0,2019022821,,,0.4,0.9,201902281724,,
전남,진도,진도읍,59.37,15,381,399,0.4*,0.1,1.7,2019020717,,,0.2,1.2,201902152104,,
전남,완도,신지면,99.40,28,667,668,0.5,0.1,1.1,2019021906,,,0.3,0.9,201902120209,,
전남,함평,함평읍,100.00,28,667,672,0.8,0.4,1.7,2019022819,,,0.5,1.6,201902281623,,
경북,영천,영천시,99.55,28,672,669,0.7,0.3,1.3,2019022120,,,0.5,1.1,201902221801,,
경북,포항,장흥동,98.21,28,659,660,0.4,0.2,2.0,2019022312,,,0.3,0.9,201902230512,,
"  * ""농도값*""의 값은 자료 획득률이 50% 이상이나 75% 미만인 도시의 월평균 값임.                              * ""농도값**""의 값은 자료 획득률이 50% 미만인 도시의 월평균 값임.",,,,,,,,,,,,,,,,,
  * 경남 가음정동 측정소 : 측정소 이전으로 인한 시험가동,,,,,,,,,,,,,,,,,
경북,포항,장량동,99.25,28,666,667,0.5,0.3,0.9,2019020621,,,0.4,0.9,201902130310,,
경북,포항,대도동,99.55,28,672,669,0.4,0.1,1.2,2019022121,,,0.3,0.8,201902131724,,
경북,포항,대송면,99.25,28,672,667,0.5,0.3,1.5,2019022115,,,0.4,0.9,201902210916,,
경북,포항,3공단,98.95,28,666,665,0.7,0.3,1.6,2019022115,,,0.5,1.0,201902210815,,
경북,구미,공단동,99.10,28,672,666,0.4,0.1,0.8,2019022108,,,0.3,0.7,201902210108,,
경북,구미,원평동,98.95,28,665,665,0.6,0.3,1.3,2019020320,,,0.5,1.0,201902031320,,
경북,구미,형곡동,97.02,27,657,652,0.5,0.2,1.1,2019022810,,,0.4,0.9,201902210411,,
경북,구미,4공단,98.95,28,666,665,0.5,0.3,0.8,2019021222,,,0.4,0.8,201902132104,,
경북,김천,문당동,65.17,17,440,438,0.7*,0.3,1.3,2019022109,,,0.5,1.2,201902210310,,
경북,김천,대광동,25.44,7,166,171,0.3**,0.1,0.6,2019022202,,,0.3,0.5,201902220108,,
경북,경주,성건동,99.40,28,672,668,0.3,0.2,0.9,2019021017,,,0.2,0.5,201902030512,,
경북,안동,명륜동,48.80,12,316,328,0.4**,0.1,0.8,2019021802,,,0.4,0.7,201902260108,,
경북,영주,휴천2동,98.95,28,666,665,0.7,0.1,2.2,2019021802,,,0.7,1.5,201902032104,,
경북,경산,중방동,97.76,27,654,657,0.5,0.1,1.1,2019020701,,,0.4,0.9,201902070108,,
경북,상주,상주시,99.10,28,665,666,0.5,0.1,1.1,2019022209,,,0.2,1.0,201902220411,,
경북,칠곡,칠곡군,99.55,28,672,669,0.5,0.2,0.9,2019020709,,,0.4,0.8,201902210310,,
경북,울진,울진군,64.13,18,427,431,0.4*,0.3,0.8,2019022722,,,0.4,0.6,201902121421,,
경남,창원,명서동,98.80,28,666,664,0.6,0.3,1.2,2019020312,,,0.5,1.0,201902030714,,
경남,창원,웅남동,98.80,28,666,664,0.6,0.3,1.3,2019022310,,,0.5,1.0,201902070310,,
경남,창원,가음정동,0.00,0,0,0,,,,,,,,,,,
경남,창원,용지동,99.10,28,672,666,0.5,0.1,1.2,2019020312,,,0.3,0.8,201902030613,,
경남,창원,사파동,99.25,28,672,667,0.5,0.1,1.3,2019020312,,,0.3,0.9,201902030411,,
경남,창원,경화동,98.21,28,658,660,0.5,0.2,1.0,2019020220,,,0.4,0.8,201902021623,,
경남,창원,회원동,98.95,28,666,665,0.5,0.3,0.9,2019020218,,,0.4,0.8,201902021522,,
경남,창원,봉암동,99.10,28,672,666,0.3,0.0,0.6,2019021210,,,0.2,0.6,201902131421,,
경남,진주,상봉동,99.25,28,672,667,0.4,0.0,1.1,2019020314,,,0.2,0.8,201902030916,,
경남,진주,대안동,98.95,28,672,665,0.6,0.3,1.6,2019021309,,,0.4,0.9,201902030815,,
경남,진주,상대동,98.51,28,666,662,0.6,0.3,1.2,2019020315,,,0.5,1.0,201902031118,,
경남,하동,하동읍,98.80,28,672,664,0.5,0.1,3.1,2019022513,,,0.3,1.2,201902251118,,
경남,김해,동상동,99.40,28,672,668,0.4,0.2,1.1,2019020224,,,0.4,1.0,201902031902,,
경남,김해,삼방동,98.95,28,666,665,0.4,0.1,1.0,2019020304,,,0.3,0.9,201902030108,,
경남,김해,장유동,99.10,28,672,666,0.5,0.2,0.8,2019020220,,,0.3,0.7,201902021724,,
경남,양산,북부동,99.10,28,672,666,0.6,0.3,1.7,2019020308,,,0.5,1.4,201902030512,,
경남,양산,웅상읍,99.25,28,672,667,0.6,0.3,1.3,2019021809,,,0.6,0.9,201902121724,,
경남,거제,아주동,98.66,28,672,663,0.5,0.4,1.0,2019020212,,,0.5,0.8,201902031421,,
경남,사천,사천읍,98.66,28,665,663,0.5,0.3,1.4,2019022819,,,0.4,1.0,201902031219,,
경남,밀양,내일동,99.10,28,672,666,0.2,0.1,0.5,2019020315,,,0.2,0.4,201902030815,,
경남,통영,무전동,98.95,28,666,665,0.5,0.2,1.0,2019021519,,,0.4,0.8,201902031724,,
경남,고성,고성읍,98.66,28,666,663,0.5,0.0,1.0,2019020212,,,0.3,0.8,201902020815,,
경남,거창,거창읍,96.27,26,644,647,0.6,0.3,1.1,2019022109,,,0.4,0.9,201902210209,,
경남,함안,가야읍,98.66,28,666,663,0.6,0.3,1.0,2019021219,,,0.5,0.9,201902031801,,
경남,함양,함양읍,98.66,28,672,663,0.5,0.2,0.9,2019022607,,,0.3,0.8,201902260108,,
경남,남해,남해읍,98.80,28,672,664,0.5,0.2,1.1,2019020404,,,0.5,0.9,201902170916,,
제주,제주,이도동,99.40,28,672,668,0.5,0.2,1.0,2019022821,,,0.4,0.8,201902031219,,
제주,제주,연동,99.25,28,666,667,0.4,0.2,1.2,2019022822,,,0.3,0.9,201902251421,,
제주,서귀포,동홍동,99.10,28,666,666,0.3,0.1,0.6,2019022521,,,0.2,0.5,201902031421,,
제주,서귀포,성산읍,99.25,28,666,667,0.4,0.2,1.0,2019022822,,,0.3,0.8,201902251623,,
제주,서귀포,대정읍,90.02,24,604,605,0.4,0.0,1.1,2019022821,,,0.2,0.9,201902152104,,
"  * ""농도값*""의 값은 자료 획득률이 50% 이상이나 75% 미만인 도시의 월평균 값임.                              * ""농도값**""의 값은 자료 획득률이 50% 미만인 도시의 월평균 값임.",,,,,,,,,,,,,,,,,
  * 경남 가음정동 측정소 : 측정소 이전으로 인한 시험가동,,,,,,,,,,,,,,,,,
,,,,,,,,,,,,,,,,,
,,,,,,,,,,,,,,,,,
,,,,,,,,,,,,,,,,,
,,,,,,,,,,,,,,,,,
,,,,,,,,,,,,,,,,,
,,,,,,,,,,,,,,,,,
,,,,,,,,,,,,,,,,,
,,,,,,,,,,,,,,,,,
,,,,,,,,,,,,,,,,,
,,,,,,,,,,,,,,,,,
,,,,,,,,,,,,,,,,,
,,,,,,,,,,,,,,,,,
,,,,,,,,,,,,,,,,,
,,,,,,,,,,,,,,,,,
,,,,,,,,,,,,,,,,,
,,,,,,,,,,,,,,,,,
,,,,,,,,,,,,,,,,,
,,,,,,,,,,,,,,,,,
,,,,,,,,,,,,,,,,,
,,,,,,,,,,,,,,,,,
,,,,,,,,,,,,,,,,,
,,,,,,,,,,,,,,,,,
,,,,,,,,,,,,,,,,,
,,,,,,,,,,,,,,,,,
,,,,,,,,,,,,,,,,,
,,,,,,,,,,,,,,,,,
,,,,,,,,,,,,,,,,,
,,,,,,,,,,,,,,,,,
,,,,,,,,,,,,,,,,,
,,,,,,,,,,,,,,,,,
,,,,,,,,,,,,,,,,,
,,,,,,,,,,,,,,,,,
,,,,,,,,,,,,,,,,,
,,,,,,,,,,,,,,,,,
,,,,,,,,,,,,,,,,,
,,,,,,,,,,,,,,,,,
,,,,,,,,,,,,,,,,,
,,,,,,,,,,,,,,,,,
,,,,,,,,,,,,,,,,,
,,,,,,,,,,,,,,,,,
,,,,,,,,,,,,,,,,,
,,,,,,,,,,,,,,,,,
,,,,,,,,,,,,,,,,,
,,,,,,,,,,,,,,,,,
,,,,,,,,,,,,,,,,,
,,,,,,,,,,,,,,,,,
,,,,,,,,,,,,,,,,,
,,,,,,,,,,,,,,,,,
,,,,,,,,,,,,,,,,,
,,,,,,,,,,,,,,,,,
,,,,,,,,,,,,,,,,,
,,,,,,,,,,,,,,,,,
,,,,,,,,,,,,,,,,,
,,,,,,,,,,,,,,,,,
,,,,,,,,,,,,,,,,,
,,,,,,,,,,,,,,,,,
,,,,,,,,,,,,,,,,,
,,,,,,,,,,,,,,,,,
,,,,,,,,,,,,,,,,,
,,,,,,,,,,,,,,,,,
,,,,,,,,,,,,,,,,,
,,,,,,,,,,,,,,,,,
,,,,,,,,,,,,,,,,,
,,,,,,,,,,,,,,,,,
,,,,,,,,,,,,,,,,,
,,,,,,,,,,,,,,,,,
,,,,,,,,,,,,,,,,,
,,,,,,,,,,,,,,,,,
,,,,,,,,,,,,,,,,,
,,,,,,,,,,,,,,,,,
,,,,,,,,,,,,,,,,,
,,,,,,,,,,,,,,,,,
,,,,,,,,,,,,,,,,,
,,,,,,,,,,,,,,,,,
,,,,,,,,,,,,,,,,,
,,,,,,,,,,,,,,,,,
,,,,,,,,,,,,,,,,,
,,,,,,,,,,,,,,,,,
,,,,,,,,,,,,,,,,,
,,,,,,,,,,,,,,,,,
,,,,,,,,,,,,,,,,,
,,,,,,,,,,,,,,,,,
,,,,,,,,,,,,,,,,,
,,,,,,,,,,,,,,,,,
,,,,,,,,,,,,,,,,,
,,,,,,,,,,,,,,,,,
,,,,,,,,,,,,,,,,,
,,,,,,,,,,,,,,,,,
,,,,,,,,,,,,,,,,,
,,,,,,,,,,,,,,,,,
,,,,,,,,,,,,,,,,,
,,,,,,,,,,,,,,,,,
,,,,,,,,,,,,,,,,,
,,,,,,,,,,,,,,,,,
,,,,,,,,,,,,,,,,,
,,,,,,,,,,,,,,,,,
,,,,,,,,,,,,,,,,,
,,,,,,,,,,,,,,,,,
,,,,,,,,,,,,,,,,,
,,,,,,,,,,,,,,,,,
,,,,,,,,,,,,,,,,,
,,,,,,,,,,,,,,,,,
,,,,,,,,,,,,,,,,,
,,,,,,,,,,,,,,,,,
,,,,,,,,,,,,,,,,,
,,,,,,,,,,,,,,,,,
,,,,,,,,,,,,,,,,,
,,,,,,,,,,,,,,,,,
,,,,,,,,,,,,,,,,,
,,,,,,,,,,,,,,,,,
,,,,,,,,,,,,,,,,,
,,,,,,,,,,,,,,,,,
,,,,,,,,,,,,,,,,,
,,,,,,,,,,,,,,,,,
,,,,,,,,,,,,,,,,,
,,,,,,,,,,,,,,,,,
,,,,,,,,,,,,,,,,,
,,,,,,,,,,,,,,,,,
,,,,,,,,,,,,,,,,,
,,,,,,,,,,,,,,,,,
,,,,,,,,,,,,,,,,,
,,,,,,,,,,,,,,,,,
,,,,,,,,,,,,,,,,,
,,,,,,,,,,,,,,,,,
,,,,,,,,,,,,,,,,,
,,,,,,,,,,,,,,,,,
,,,,,,,,,,,,,,,,,
,,,,,,,,,,,,,,,,,
,,,,,,,,,,,,,,,,,
,,,,,,,,,,,,,,,,,
,,,,,,,,,,,,,,,,,
,,,,,,,,,,,,,,,,,
,,,,,,,,,,,,,,,,,
,,,,,,,,,,,,,,,,,
,,,,,,,,,,,,,,,,,
,,,,,,,,,,,,,,,,,
,,,,,,,,,,,,,,,,,
,,,,,,,,,,,,,,,,,
,,,,,,,,,,,,,,,,,
,,,,,,,,,,,,,,,,,
,,,,,,,,,,,,,,,,,
,,,,,,,,,,,,,,,,,
,,,,,,,,,,,,,,,,,
,,,,,,,,,,,,,,,,,
,,,,,,,,,,,,,,,,,
,,,,,,,,,,,,,,,,,
,,,,,,,,,,,,,,,,,
,,,,,,,,,,,,,,,,,
,,,,,,,,,,,,,,,,,
,,,,,,,,,,,,,,,,,
,,,,,,,,,,,,,,,,,
,,,,,,,,,,,,,,,,,
,,,,,,,,,,,,,,,,,
,,,,,,,,,,,,,,,,,
,,,,,,,,,,,,,,,,,
,,,,,,,,,,,,,,,,,
,,,,,,,,,,,,,,,,,
,,,,,,,,,,,,,,,,,
,,,,,,,,,,,,,,,,,
,,,,,,,,,,,,,,,,,
,,,,,,,,,,,,,,,,,
,,,,,,,,,,,,,,,,,
,,,,,,,,,,,,,,,,,
,,,,,,,,,,,,,,,,,
,,,,,,,,,,,,,,,,,
,,,,,,,,,,,,,,,,,
,,,,,,,,,,,,,,,,,
,,,,,,,,,,,,,,,,,
,,,,,,,,,,,,,,,,,
,,,,,,,,,,,,,,,,,
,,,,,,,,,,,,,,,,,
,,,,,,,,,,,,,,,,,
,,,,,,,,,,,,,,,,,
,,,,,,,,,,,,,,,,,
,,,,,,,,,,,,,,,,,
,,,,,,,,,,,,,,,,,
,,,,,,,,,,,,,,,,,
,,,,,,,,,,,,,,,,,
,,,,,,,,,,,,,,,,,
,,,,,,,,,,,,,,,,,
,,,,,,,,,,,,,,,,,
,,,,,,,,,,,,,,,,,
,,,,,,,,,,,,,,,,,
,,,,,,,,,,,,,,,,,
,,,,,,,,,,,,,,,,,
,,,,,,,,,,,,,,,,,
,,,,,,,,,,,,,,,,,
,,,,,,,,,,,,,,,,,
,,,,,,,,,,,,,,,,,
,,,,,,,,,,,,,,,,,
,,,,,,,,,,,,,,,,,
,,,,,,,,,,,,,,,,,
,,,,,,,,,,,,,,,,,
,,,,,,,,,,,,,,,,,
,,,,,,,,,,,,,,,,,
,,,,,,,,,,,,,,,,,
,,,,,,,,,,,,,,,,,
,,,,,,,,,,,,,,,,,
,,,,,,,,,,,,,,,,,
,,,,,,,,,,,,,,,,,
,,,,,,,,,,,,,,,,,
,,,,,,,,,,,,,,,,,
,,,,,,,,,,,,,,,,,
,,,,,,,,,,,,,,,,,
,,,,,,,,,,,,,,,,,
,,,,,,,,,,,,,,,,,
,,,,,,,,,,,,,,,,,
,,,,,,,,,,,,,,,,,
,,,,,,,,,,,,,,,,,
,,,,,,,,,,,,,,,,,
,,,,,,,,,,,,,,,,,
,,,,,,,,,,,,,,,,,
,,,,,,,,,,,,,,,,,
,,,,,,,,,,,,,,,,,
,,,,,,,,,,,,,,,,,
,,,,,,,,,,,,,,,,,
,,,,,,,,,,,,,,,,,
,,,,,,,,,,,,,,,,,
,,,,,,,,,,,,,,,,,
,,,,,,,,,,,,,,,,,
,,,,,,,,,,,,,,,,,
,,,,,,,,,,,,,,,,,
,,,,,,,,,,,,,,,,,
,,,,,,,,,,,,,,,,,
,,,,,,,,,,,,,,,,,
,,,,,,,,,,,,,,,,,
,,,,,,,,,,,,,,,,,
,,,,,,,,,,,,,,,,,
,,,,,,,,,,,,,,,,,
,,,,,,,,,,,,,,,,,
,,,,,,,,,,,,,,,,,
,,,,,,,,,,,,,,,,,
,,,,,,,,,,,,,,,,,
,,,,,,,,,,,,,,,,,
,,,,,,,,,,,,,,,,,
,,,,,,,,,,,,,,,,,
,,,,,,,,,,,,,,,,,
,,,,,,,,,,,,,,,,,
,,,,,,,,,,,,,,,,,
,,,,,,,,,,,,,,,,,
,,,,,,,,,,,,,,,,,
,,,,,,,,,,,,,,,,,
,,,,,,,,,,,,,,,,,
,,,,,,,,,,,,,,,,,
,,,,,,,,,,,,,,,,,
,,,,,,,,,,,,,,,,,
,,,,,,,,,,,,,,,,,
,,,,,,,,,,,,,,,,,
,,,,,,,,,,,,,,,,,
,,,,,,,,,,,,,,,,,
,,,,,,,,,,,,,,,,,
,,,,,,,,,,,,,,,,,
,,,,,,,,,,,,,,,,,
,,,,,,,,,,,,,,,,,
,,,,,,,,,,,,,,,,,
,,,,,,,,,,,,,,,,,
,,,,,,,,,,,,,,,,,
,,,,,,,,,,,,,,,,,
,,,,,,,,,,,,,,,,,
,,,,,,,,,,,,,,,,,
,,,,,,,,,,,,,,,,,
,,,,,,,,,,,,,,,,,
,,,,,,,,,,,,,,,,,
,,,,,,,,,,,,,,,,,
,,,,,,,,,,,,,,,,,
,,,,,,,,,,,,,,,,,
,,,,,,,,,,,,,,,,,
,,,,,,,,,,,,,,,,,
,,,,,,,,,,,,,,,,,
,,,,,,,,,,,,,,,,,
,,,,,,,,,,,,,,,,,
,,,,,,,,,,,,,,,,,
,,,,,,,,,,,,,,,,,
,,,,,,,,,,,,,,,,,
,,,,,,,,,,,,,,,,,
,,,,,,,,,,,,,,,,,
,,,,,,,,,,,,,,,,,
,,,,,,,,,,,,,,,,,
,,,,,,,,,,,,,,,,,
,,,,,,,,,,,,,,,,,
,,,,,,,,,,,,,,,,,
,,,,,,,,,,,,,,,,,
,,,,,,,,,,,,,,,,,
,,,,,,,,,,,,,,,,,
,,,,,,,,,,,,,,,,,
,,,,,,,,,,,,,,,,,
,,,,,,,,,,,,,,,,,
,,,,,,,,,,,,,,,,,
,,,,,,,,,,,,,,,,,
,,,,,,,,,,,,,,,,,
,,,,,,,,,,,,,,,,,
,,,,,,,,,,,,,,,,,
,,,,,,,,,,,,,,,,,
,,,,,,,,,,,,,,,,,
,,,,,,,,,,,,,,,,,
,,,,,,,,,,,,,,,,,
,,,,,,,,,,,,,,,,,
,,,,,,,,,,,,,,,,,
,,,,,,,,,,,,,,,,,
,,,,,,,,,,,,,,,,,
,,,,,,,,,,,,,,,,,
,,,,,,,,,,,,,,,,,
,,,,,,,,,,,,,,,,,
,,,,,,,,,,,,,,,,,
,,,,,,,,,,,,,,,,,
,,,,,,,,,,,,,,,,,
,,,,,,,,,,,,,,,,,
,,,,,,,,,,,,,,,,,
,,,,,,,,,,,,,,,,,
,,,,,,,,,,,,,,,,,
,,,,,,,,,,,,,,,,,
,,,,,,,,,,,,,,,,,
,,,,,,,,,,,,,,,,,
,,,,,,,,,,,,,,,,,
,,,,,,,,,,,,,,,,,
,,,,,,,,,,,,,,,,,
,,,,,,,,,,,,,,,,,
,,,,,,,,,,,,,,,,,
,,,,,,,,,,,,,,,,,
,,,,,,,,,,,,,,,,,
,,,,,,,,,,,,,,,,,
,,,,,,,,,,,,,,,,,
,,,,,,,,,,,,,,,,,
,,,,,,,,,,,,,,,,,
,,,,,,,,,,,,,,,,,
,,,,,,,,,,,,,,,,,
,,,,,,,,,,,,,,,,,
,,,,,,,,,,,,,,,,,
,,,,,,,,,,,,,,,,,
,,,,,,,,,,,,,,,,,
,,,,,,,,,,,,,,,,,
,,,,,,,,,,,,,,,,,
,,,,,,,,,,,,,,,,,
,,,,,,,,,,,,,,,,,
,,,,,,,,,,,,,,,,,
,,,,,,,,,,,,,,,,,
,,,,,,,,,,,,,,,,,
,,,,,,,,,,,,,,,,,
,,,,,,,,,,,,,,,,,
,,,,,,,,,,,,,,,,,
,,,,,,,,,,,,,,,,,
,,,,,,,,,,,,,,,,,
,,,,,,,,,,,,,,,,,
,,,,,,,,,,,,,,,,,
,,,,,,,,,,,,,,,,,
,,,,,,,,,,,,,,,,,
,,,,,,,,,,,,,,,,,
,,,,,,,,,,,,,,,,,
,,,,,,,,,,,,,,,,,
,,,,,,,,,,,,,,,,,
,,,,,,,,,,,,,,,,,
,,,,,,,,,,,,,,,,,
,,,,,,,,,,,,,,,,,
,,,,,,,,,,,,,,,,,
,,,,,,,,,,,,,,,,,
,,,,,,,,,,,,,,,,,
,,,,,,,,,,,,,,,,,
,,,,,,,,,,,,,,,,,
,,,,,,,,,,,,,,,,,
,,,,,,,,,,,,,,,,,
,,,,,,,,,,,,,,,,,
,,,,,,,,,,,,,,,,,
,,,,,,,,,,,,,,,,,
,,,,,,,,,,,,,,,,,
,,,,,,,,,,,,,,,,,
,,,,,,,,,,,,,,,,,
,,,,,,,,,,,,,,,,,
,,,,,,,,,,,,,,,,,
,,,,,,,,,,,,,,,,,
,,,,,,,,,,,,,,,,,
,,,,,,,,,,,,,,,,,
,,,,,,,,,,,,,,,,,
,,,,,,,,,,,,,,,,,
,,,,,,,,,,,,,,,,,
,,,,,,,,,,,,,,,,,
,,,,,,,,,,,,,,,,,
,,,,,,,,,,,,,,,,,
,,,,,,,,,,,,,,,,,
,,,,,,,,,,,,,,,,,
,,,,,,,,,,,,,,,,,
,,,,,,,,,,,,,,,,,
,,,,,,,,,,,,,,,,,
,,,,,,,,,,,,,,,,,
,,,,,,,,,,,,,,,,,
,,,,,,,,,,,,,,,,,
,,,,,,,,,,,,,,,,,
,,,,,,,,,,,,,,,,,
,,,,,,,,,,,,,,,,,
,,,,,,,,,,,,,,,,,
,,,,,,,,,,,,,,,,,
,,,,,,,,,,,,,,,,,
,,,,,,,,,,,,,,,,,
,,,,,,,,,,,,,,,,,
,,,,,,,,,,,,,,,,,
,,,,,,,,,,,,,,,,,
,,,,,,,,,,,,,,,,,
,,,,,,,,,,,,,,,,,
,,,,,,,,,,,,,,,,,
,,,,,,,,,,,,,,,,,
,,,,,,,,,,,,,,,,,
,,,,,,,,,,,,,,,,,
,,,,,,,,,,,,,,,,,
,,,,,,,,,,,,,,,,,
,,,,,,,,,,,,,,,,,
,,,,,,,,,,,,,,,,,
,,,,,,,,,,,,,,,,,
,,,,,,,,,,,,,,,,,
,,,,,,,,,,,,,,,,,
,,,,,,,,,,,,,,,,,
,,,,,,,,,,,,,,,,,
,,,,,,,,,,,,,,,,,
,,,,,,,,,,,,,,,,,
,,,,,,,,,,,,,,,,,
,,,,,,,,,,,,,,,,,
,,,,,,,,,,,,,,,,,
,,,,,,,,,,,,,,,,,
,,,,,,,,,,,,,,,,,
,,,,,,,,,,,,,,,,,
,,,,,,,,,,,,,,,,,
,,,,,,,,,,,,,,,,,
,,,,,,,,,,,,,,,,,
,,,,,,,,,,,,,,,,,
,,,,,,,,,,,,,,,,,
,,,,,,,,,,,,,,,,,
,,,,,,,,,,,,,,,,,
,,,,,,,,,,,,,,,,,
,,,,,,,,,,,,,,,,,
,,,,,,,,,,,,,,,,,
,,,,,,,,,,,,,,,,,
,,,,,,,,,,,,,,,,,
,,,,,,,,,,,,,,,,,
,,,,,,,,,,,,,,,,,
,,,,,,,,,,,,,,,,,
,,,,,,,,,,,,,,,,,
,,,,,,,,,,,,,,,,,
,,,,,,,,,,,,,,,,,
,,,,,,,,,,,,,,,,,
,,,,,,,,,,,,,,,,,
,,,,,,,,,,,,,,,,,
,,,,,,,,,,,,,,,,,
,,,,,,,,,,,,,,,,,
,,,,,,,,,,,,,,,,,
,,,,,,,,,,,,,,,,,
,,,,,,,,,,,,,,,,,
,,,,,,,,,,,,,,,,,
,,,,,,,,,,,,,,,,,
,,,,,,,,,,,,,,,,,
,,,,,,,,,,,,,,,,,
,,,,,,,,,,,,,,,,,
,,,,,,,,,,,,,,,,,
,,,,,,,,,,,,,,,,,
,,,,,,,,,,,,,,,,,
,,,,,,,,,,,,,,,,,
,,,,,,,,,,,,,,,,,
,,,,,,,,,,,,,,,,,
,,,,,,,,,,,,,,,,,
,,,,,,,,,,,,,,,,,
,,,,,,,,,,,,,,,,,
,,,,,,,,,,,,,,,,,
,,,,,,,,,,,,,,,,,
,,,,,,,,,,,,,,,,,
,,,,,,,,,,,,,,,,,
,,,,,,,,,,,,,,,,,
,,,,,,,,,,,,,,,,,
,,,,,,,,,,,,,,,,,
,,,,,,,,,,,,,,,,,
,,,,,,,,,,,,,,,,,
,,,,,,,,,,,,,,,,,
,,,,,,,,,,,,,,,,,
,,,,,,,,,,,,,,,,,
,,,,,,,,,,,,,,,,,
,,,,,,,,,,,,,,,,,
,,,,,,,,,,,,,,,,,
,,,,,,,,,,,,,,,,,
,,,,,,,,,,,,,,,,,
,,,,,,,,,,,,,,,,,
,,,,,,,,,,,,,,,,,
,,,,,,,,,,,,,,,,,
,,,,,,,,,,,,,,,,,
,,,,,,,,,,,,,,,,,
,,,,,,,,,,,,,,,,,
,,,,,,,,,,,,,,,,,
,,,,,,,,,,,,,,,,,
,,,,,,,,,,,,,,,,,
,,,,,,,,,,,,,,,,,
,,,,,,,,,,,,,,,,,
,,,,,,,,,,,,,,,,,
,,,,,,,,,,,,,,,,,
,,,,,,,,,,,,,,,,,
,,,,,,,,,,,,,,,,,
,,,,,,,,,,,,,,,,,
,,,,,,,,,,,,,,,,,
,,,,,,,,,,,,,,,,,
,,,,,,,,,,,,,,,,,
,,,,,,,,,,,,,,,,,
,,,,,,,,,,,,,,,,,
,,,,,,,,,,,,,,,,,
,,,,,,,,,,,,,,,,,
,,,,,,,,,,,,,,,,,
,,,,,,,,,,,,,,,,,
,,,,,,,,,,,,,,,,,
,,,,,,,,,,,,,,,,,
,,,,,,,,,,,,,,,,,
,,,,,,,,,,,,,,,,,
,,,,,,,,,,,,,,,,,
,,,,,,,,,,,,,,,,,
,,,,,,,,,,,,,,,,,
,,,,,,,,,,,,,,,,,
,,,,,,,,,,,,,,,,,
,,,,,,,,,,,,,,,,,
,,,,,,,,,,,,,,,,,
,,,,,,,,,,,,,,,,,
,,,,,,,,,,,,,,,,,
,,,,,,,,,,,,,,,,,
,,,,,,,,,,,,,,,,,
,,,,,,,,,,,,,,,,,
,,,,,,,,,,,,,,,,,
,,,,,,,,,,,,,,,,,
,,,,,,,,,,,,,,,,,
,,,,,,,,,,,,,,,,,
,,,,,,,,,,,,,,,,,
,,,,,,,,,,,,,,,,,
,,,,,,,,,,,,,,,,,
,,,,,,,,,,,,,,,,,
,,,,,,,,,,,,,,,,,
,,,,,,,,,,,,,,,,,
,,,,,,,,,,,,,,,,,
,,,,,,,,,,,,,,,,,
,,,,,,,,,,,,,,,,,
,,,,,,,,,,,,,,,,,
,,,,,,,,,,,,,,,,,
,,,,,,,,,,,,,,,,,
,,,,,,,,,,,,,,,,,
,,,,,,,,,,,,,,,,,
,,,,,,,,,,,,,,,,,
,,,,,,,,,,,,,,,,,
,,,,,,,,,,,,,,,,,
,,,,,,,,,,,,,,,,,
,,,,,,,,,,,,,,,,,
,,,,,,,,,,,,,,,,,
,,,,,,,,,,,,,,,,,
,,,,,,,,,,,,,,,,,
,,,,,,,,,,,,,,,,,
,,,,,,,,,,,,,,,,,
,,,,,,,,,,,,,,,,,
,,,,,,,,,,,,,,,,,
,,,,,,,,,,,,,,,,,
,,,,,,,,,,,,,,,,,
,,,,,,,,,,,,,,,,,
,,,,,,,,,,,,,,,,,
,,,,,,,,,,,,,,,,,
,,,,,,,,,,,,,,,,,
,,,,,,,,,,,,,,,,,
,,,,,,,,,,,,,,,,,
,,,,,,,,,,,,,,,,,
,,,,,,,,,,,,,,,,,
,,,,,,,,,,,,,,,,,
,,,,,,,,,,,,,,,,,
,,,,,,,,,,,,,,,,,
,,,,,,,,,,,,,,,,,
,,,,,,,,,,,,,,,,,
,,,,,,,,,,,,,,,,,
,,,,,,,,,,,,,,,,,
,,,,,,,,,,,,,,,,,
,,,,,,,,,,,,,,,,,
,,,,,,,,,,,,,,,,,
,,,,,,,,,,,,,,,,,
,,,,,,,,,,,,,,,,,
,,,,,,,,,,,,,,,,,
,,,,,,,,,,,,,,,,,
,,,,,,,,,,,,,,,,,
,,,,,,,,,,,,,,,,,
,,,,,,,,,,,,,,,,,
,,,,,,,,,,,,,,,,,
,,,,,,,,,,,,,,,,,
,,,,,,,,,,,,,,,,,
,,,,,,,,,,,,,,,,,
,,,,,,,,,,,,,,,,,
,,,,,,,,,,,,,,,,,
,,,,,,,,,,,,,,,,,
,,,,,,,,,,,,,,,,,
,,,,,,,,,,,,,,,,,
,,,,,,,,,,,,,,,,,
,,,,,,,,,,,,,,,,,
,,,,,,,,,,,,,,,,,
,,,,,,,,,,,,,,,,,
,,,,,,,,,,,,,,,,,
,,,,,,,,,,,,,,,,,
,,,,,,,,,,,,,,,,,
,,,,,,,,,,,,,,,,,
,,,,,,,,,,,,,,,,,
,,,,,,,,,,,,,,,,,
,,,,,,,,,,,,,,,,,
,,,,,,,,,,,,,,,,,
,,,,,,,,,,,,,,,,,
,,,,,,,,,,,,,,,,,
,,,,,,,,,,,,,,,,,
,,,,,,,,,,,,,,,,,
,,,,,,,,,,,,,,,,,
,,,,,,,,,,,,,,,,,
,,,,,,,,,,,,,,,,,
,,,,,,,,,,,,,,,,,
,,,,,,,,,,,,,,,,,
,,,,,,,,,,,,,,,,,
,,,,,,,,,,,,,,,,,
,,,,,,,,,,,,,,,,,
,,,,,,,,,,,,,,,,,
,,,,,,,,,,,,,,,,,
,,,,,,,,,,,,,,,,,
,,,,,,,,,,,,,,,,,
,,,,,,,,,,,,,,,,,
,,,,,,,,,,,,,,,,,
,,,,,,,,,,,,,,,,,
,,,,,,,,,,,,,,,,,
,,,,,,,,,,,,,,,,,
,,,,,,,,,,,,,,,,,
,,,,,,,,,,,,,,,,,
,,,,,,,,,,,,,,,,,
,,,,,,,,,,,,,,,,,
,,,,,,,,,,,,,,,,,
,,,,,,,,,,,,,,,,,
,,,,,,,,,,,,,,,,,
,,,,,,,,,,,,,,,,,
,,,,,,,,,,,,,,,,,
,,,,,,,,,,,,,,,,,
,,,,,,,,,,,,,,,,,
,,,,,,,,,,,,,,,,,
,,,,,,,,,,,,,,,,,
,,,,,,,,,,,,,,,,,
,,,,,,,,,,,,,,,,,
,,,,,,,,,,,,,,,,,
,,,,,,,,,,,,,,,,,
,,,,,,,,,,,,,,,,,
,,,,,,,,,,,,,,,,,
,,,,,,,,,,,,,,,,,
,,,,,,,,,,,,,,,,,
,,,,,,,,,,,,,,,,,
,,,,,,,,,,,,,,,,,
,,,,,,,,,,,,,,,,,
,,,,,,,,,,,,,,,,,
,,,,,,,,,,,,,,,,,
,,,,,,,,,,,,,,,,,
,,,,,,,,,,,,,,,,,
,,,,,,,,,,,,,,,,,
,,,,,,,,,,,,,,,,,
,,,,,,,,,,,,,,,,,
,,,,,,,,,,,,,,,,,
,,,,,,,,,,,,,,,,,
,,,,,,,,,,,,,,,,,
,,,,,,,,,,,,,,,,,
,,,,,,,,,,,,,,,,,
,,,,,,,,,,,,,,,,,
,,,,,,,,,,,,,,,,,
,,,,,,,,,,,,,,,,,
,,,,,,,,,,,,,,,,,
,,,,,,,,,,,,,,,,,
,,,,,,,,,,,,,,,,,
,,,,,,,,,,,,,,,,,
,,,,,,,,,,,,,,,,,
,,,,,,,,,,,,,,,,,
,,,,,,,,,,,,,,,,,
,,,,,,,,,,,,,,,,,
,,,,,,,,,,,,,,,,,
,,,,,,,,,,,,,,,,,
,,,,,,,,,,,,,,,,,
,,,,,,,,,,,,,,,,,
,,,,,,,,,,,,,,,,,
,,,,,,,,,,,,,,,,,
,,,,,,,,,,,,,,,,,
,,,,,,,,,,,,,,,,,
,,,,,,,,,,,,,,,,,
,,,,,,,,,,,,,,,,,
,,,,,,,,,,,,,,,,,
,,,,,,,,,,,,,,,,,
,,,,,,,,,,,,,,,,,
,,,,,,,,,,,,,,,,,
,,,,,,,,,,,,,,,,,
,,,,,,,,,,,,,,,,,
,,,,,,,,,,,,,,,,,
,,,,,,,,,,,,,,,,,
,,,,,,,,,,,,,,,,,
,,,,,,,,,,,,,,,,,
,,,,,,,,,,,,,,,,,
,,,,,,,,,,,,,,,,,
,,,,,,,,,,,,,,,,,
,,,,,,,,,,,,,,,,,
,,,,,,,,,,,,,,,,,
,,,,,,,,,,,,,,,,,
,,,,,,,,,,,,,,,,,
,,,,,,,,,,,,,,,,,
,,,,,,,,,,,,,,,,,
,,,,,,,,,,,,,,,,,
,,,,,,,,,,,,,,,,,
,,,,,,,,,,,,,,,,,
,,,,,,,,,,,,,,,,,
,,,,,,,,,,,,,,,,,
,,,,,,,,,,,,,,,,,
,,,,,,,,,,,,,,,,,
,,,,,,,,,,,,,,,,,
,,,,,,,,,,,,,,,,,
,,,,,,,,,,,,,,,,,
,,,,,,,,,,,,,,,,,
,,,,,,,,,,,,,,,,,
,,,,,,,,,,,,,,,,,
,,,,,,,,,,,,,,,,,
,,,,,,,,,,,,,,,,,
,,,,,,,,,,,,,,,,,
,,,,,,,,,,,,,,,,,
,,,,,,,,,,,,,,,,,
,,,,,,,,,,,,,,,,,
,,,,,,,,,,,,,,,,,
,,,,,,,,,,,,,,,,,
,,,,,,,,,,,,,,,,,
,,,,,,,,,,,,,,,,,
,,,,,,,,,,,,,,,,,
,,,,,,,,,,,,,,,,,
,,,,,,,,,,,,,,,,,
,,,,,,,,,,,,,,,,,
,,,,,,,,,,,,,,,,,
,,,,,,,,,,,,,,,,,
,,,,,,,,,,,,,,,,,
,,,,,,,,,,,,,,,,,
,,,,,,,,,,,,,,,,,
,,,,,,,,,,,,,,,,,
,,,,,,,,,,,,,,,,,
,,,,,,,,,,,,,,,,,
,,,,,,,,,,,,,,,,,
,,,,,,,,,,,,,,,,,
,,,,,,,,,,,,,,,,,
,,,,,,,,,,,,,,,,,
,,,,,,,,,,,,,,,,,
,,,,,,,,,,,,,,,,,
,,,,,,,,,,,,,,,,,
,,,,,,,,,,,,,,,,,
,,,,,,,,,,,,,,,,,
,,,,,,,,,,,,,,,,,
,,,,,,,,,,,,,,,,,
,,,,,,,,,,,,,,,,,
,,,,,,,,,,,,,,,,,
,,,,,,,,,,,,,,,,,
,,,,,,,,,,,,,,,,,
,,,,,,,,,,,,,,,,,
,,,,,,,,,,,,,,,,,
,,,,,,,,,,,,,,,,,
,,,,,,,,,,,,,,,,,
,,,,,,,,,,,,,,,,,
,,,,,,,,,,,,,,,,,
,,,,,,,,,,,,,,,,,
,,,,,,,,,,,,,,,,,
,,,,,,,,,,,,,,,,,
,,,,,,,,,,,,,,,,,
,,,,,,,,,,,,,,,,,
,,,,,,,,,,,,,,,,,
,,,,,,,,,,,,,,,,,
,,,,,,,,,,,,,,,,,
,,,,,,,,,,,,,,,,,
,,,,,,,,,,,,,,,,,
,,,,,,,,,,,,,,,,,
,,,,,,,,,,,,,,,,,
,,,,,,,,,,,,,,,,,
,,,,,,,,,,,,,,,,,
,,,,,,,,,,,,,,,,,
,,,,,,,,,,,,,,,,,
,,,,,,,,,,,,,,,,,
,,,,,,,,,,,,,,,,,
,,,,,,,,,,,,,,,,,
,,,,,,,,,,,,,,,,,
,,,,,,,,,,,,,,,,,
,,,,,,,,,,,,,,,,,
,,,,,,,,,,,,,,,,,
,,,,,,,,,,,,,,,,,
,,,,,,,,,,,,,,,,,
,,,,,,,,,,,,,,,,,
,,,,,,,,,,,,,,,,,
,,,,,,,,,,,,,,,,,
,,,,,,,,,,,,,,,,,
,,,,,,,,,,,,,,,,,
,,,,,,,,,,,,,,,,,
,,,,,,,,,,,,,,,,,
,,,,,,,,,,,,,,,,,
,,,,,,,,,,,,,,,,,
,,,,,,,,,,,,,,,,,
,,,,,,,,,,,,,,,,,
,,,,,,,,,,,,,,,,,
,,,,,,,,,,,,,,,,,
,,,,,,,,,,,,,,,,,
,,,,,,,,,,,,,,,,,
,,,,,,,,,,,,,,,,,
,,,,,,,,,,,,,,,,,
,,,,,,,,,,,,,,,,,
,,,,,,,,,,,,,,,,,
,,,,,,,,,,,,,,,,,
,,,,,,,,,,,,,,,,,
,,,,,,,,,,,,,,,,,
,,,,,,,,,,,,,,,,,
,,,,,,,,,,,,,,,,,
,,,,,,,,,,,,,,,,,
,,,,,,,,,,,,,,,,,
,,,,,,,,,,,,,,,,,
,,,,,,,,,,,,,,,,,
,,,,,,,,,,,,,,,,,
,,,,,,,,,,,,,,,,,
,,,,,,,,,,,,,,,,,
,,,,,,,,,,,,,,,,,
,,,,,,,,,,,,,,,,,
,,,,,,,,,,,,,,,,,
,,,,,,,,,,,,,,,,,
,,,,,,,,,,,,,,,,,
,,,,,,,,,,,,,,,,,
,,,,,,,,,,,,,,,,,
,,,,,,,,,,,,,,,,,
,,,,,,,,,,,,,,,,,
,,,,,,,,,,,,,,,,,
,,,,,,,,,,,,,,,,,
,,,,,,,,,,,,,,,,,
,,,,,,,,,,,,,,,,,
,,,,,,,,,,,,,,,,,
,,,,,,,,,,,,,,,,,
,,,,,,,,,,,,,,,,,
,,,,,,,,,,,,,,,,,
,,,,,,,,,,,,,,,,,
,,,,,,,,,,,,,,,,,
,,,,,,,,,,,,,,,,,
,,,,,,,,,,,,,,,,,
,,,,,,,,,,,,,,,,,
,,,,,,,,,,,,,,,,,
,,,,,,,,,,,,,,,,,
,,,,,,,,,,,,,,,,,
,,,,,,,,,,,,,,,,,
,,,,,,,,,,,,,,,,,
,,,,,,,,,,,,,,,,,
,,,,,,,,,,,,,,,,,
,,,,,,,,,,,,,,,,,
,,,,,,,,,,,,,,,,,
,,,,,,,,,,,,,,,,,
,,,,,,,,,,,,,,,,,
,,,,,,,,,,,,,,,,,
,,,,,,,,,,,,,,,,,
,,,,,,,,,,,,,,,,,
,,,,,,,,,,,,,,,,,
,,,,,,,,,,,,,,,,,
,,,,,,,,,,,,,,,,,
,,,,,,,,,,,,,,,,,
,,,,,,,,,,,,,,,,,
,,,,,,,,,,,,,,,,,
,,,,,,,,,,,,,,,,,
,,,,,,,,,,,,,,,,,
,,,,,,,,,,,,,,,,,
,,,,,,,,,,,,,,,,,
,,,,,,,,,,,,,,,,,
,,,,,,,,,,,,,,,,,
,,,,,,,,,,,,,,,,,
,,,,,,,,,,,,,,,,,
,,,,,,,,,,,,,,,,,
,,,,,,,,,,,,,,,,,
,,,,,,,,,,,,,,,,,
,,,,,,,,,,,,,,,,,
,,,,,,,,,,,,,,,,,
,,,,,,,,,,,,,,,,,
,,,,,,,,,,,,,,,,,
,,,,,,,,,,,,,,,,,
,,,,,,,,,,,,,,,,,
,,,,,,,,,,,,,,,,,
,,,,,,,,,,,,,,,,,
,,,,,,,,,,,,,,,,,
,,,,,,,,,,,,,,,,,
,,,,,,,,,,,,,,,,,
,,,,,,,,,,,,,,,,,
,,,,,,,,,,,,,,,,,
,,,,,,,,,,,,,,,,,
,,,,,,,,,,,,,,,,,
,,,,,,,,,,,,,,,,,
,,,,,,,,,,,,,,,,,
,,,,,,,,,,,,,,,,,
,,,,,,,,,,,,,,,,,
,,,,,,,,,,,,,,,,,
,,,,,,,,,,,,,,,,,
,,,,,,,,,,,,,,,,,
,,,,,,,,,,,,,,,,,
,,,,,,,,,,,,,,,,,
,,,,,,,,,,,,,,,,,
,,,,,,,,,,,,,,,,,
,,,,,,,,,,,,,,,,,
,,,,,,,,,,,,,,,,,
,,,,,,,,,,,,,,,,,
,,,,,,,,,,,,,,,,,
,,,,,,,,,,,,,,,,,
,,,,,,,,,,,,,,,,,
,,,,,,,,,,,,,,,,,
,,,,,,,,,,,,,,,,,
,,,,,,,,,,,,,,,,,
,,,,,,,,,,,,,,,,,
,,,,,,,,,,,,,,,,,
,,,,,,,,,,,,,,,,,
,,,,,,,,,,,,,,,,,
,,,,,,,,,,,,,,,,,
,,,,,,,,,,,,,,,,,
,,,,,,,,,,,,,,,,,
,,,,,,,,,,,,,,,,,
,,,,,,,,,,,,,,,,,
,,,,,,,,,,,,,,,,,
,,,,,,,,,,,,,,,,,
,,,,,,,,,,,,,,,,,
,,,,,,,,,,,,,,,,,
,,,,,,,,,,,,,,,,,
,,,,,,,,,,,,,,,,,
,,,,,,,,,,,,,,,,,
,,,,,,,,,,,,,,,,,
,,,,,,,,,,,,,,,,,
,,,,,,,,,,,,,,,,,
,,,,,,,,,,,,,,,,,
,,,,,,,,,,,,,,,,,
,,,,,,,,,,,,,,,,,
,,,,,,,,,,,,,,,,,
,,,,,,,,,,,,,,,,,
,,,,,,,,,,,,,,,,,
,,,,,,,,,,,,,,,,,
,,,,,,,,,,,,,,,,,
,,,,,,,,,,,,,,,,,
,,,,,,,,,,,,,,,,,
,,,,,,,,,,,,,,,,,
,,,,,,,,,,,,,,,,,
,,,,,,,,,,,,,,,,,
,,,,,,,,,,,,,,,,,
,,,,,,,,,,,,,,,,,
,,,,,,,,,,,,,,,,,
,,,,,,,,,,,,,,,,,
,,,,,,,,,,,,,,,,,
,,,,,,,,,,,,,,,,,
,,,,,,,,,,,,,,,,,
,,,,,,,,,,,,,,,,,
,,,,,,,,,,,,,,,,,
,,,,,,,,,,,,,,,,,
,,,,,,,,,,,,,,,,,
,,,,,,,,,,,,,,,,,
,,,,,,,,,,,,,,,,,
,,,,,,,,,,,,,,,,,
,,,,,,,,,,,,,,,,,
,,,,,,,,,,,,,,,,,
,,,,,,,,,,,,,,,,,
,,,,,,,,,,,,,,,,,
,,,,,,,,,,,,,,,,,
,,,,,,,,,,,,,,,,,
,,,,,,,,,,,,,,,,,
,,,,,,,,,,,,,,,,,
,,,,,,,,,,,,,,,,,
,,,,,,,,,,,,,,,,,
,,,,,,,,,,,,,,,,,
,,,,,,,,,,,,,,,,,
,,,,,,,,,,,,,,,,,
,,,,,,,,,,,,,,,,,
,,,,,,,,,,,,,,,,,
,,,,,,,,,,,,,,,,,
,,,,,,,,,,,,,,,,,
,,,,,,,,,,,,,,,,,
,,,,,,,,,,,,,,,,,
,,,,,,,,,,,,,,,,,
,,,,,,,,,,,,,,,,,
,,,,,,,,,,,,,,,,,
,,,,,,,,,,,,,,,,,
,,,,,,,,,,,,,,,,,
,,,,,,,,,,,,,,,,,
,,,,,,,,,,,,,,,,,
,,,,,,,,,,,,,,,,,
,,,,,,,,,,,,,,,,,
,,,,,,,,,,,,,,,,,
,,,,,,,,,,,,,,,,,
,,,,,,,,,,,,,,,,,
,,,,,,,,,,,,,,,,,
,,,,,,,,,,,,,,,,,
,,,,,,,,,,,,,,,,,
,,,,,,,,,,,,,,,,,
,,,,,,,,,,,,,,,,,
,,,,,,,,,,,,,,,,,
,,,,,,,,,,,,,,,,,
,,,,,,,,,,,,,,,,,
,,,,,,,,,,,,,,,,,
,,,,,,,,,,,,,,,,,
,,,,,,,,,,,,,,,,,
,,,,,,,,,,,,,,,,,
,,,,,,,,,,,,,,,,,
,,,,,,,,,,,,,,,,,
,,,,,,,,,,,,,,,,,
,,,,,,,,,,,,,,,,,
,,,,,,,,,,,,,,,,,
,,,,,,,,,,,,,,,,,
,,,,,,,,,,,,,,,,,
,,,,,,,,,,,,,,,,,
,,,,,,,,,,,,,,,,,
,,,,,,,,,,,,,,,,,
,,,,,,,,,,,,,,,,,
,,,,,,,,,,,,,,,,,
,,,,,,,,,,,,,,,,,
,,,,,,,,,,,,,,,,,
,,,,,,,,,,,,,,,,,
,,,,,,,,,,,,,,,,,
,,,,,,,,,,,,,,,,,
,,,,,,,,,,,,,,,,,
,,,,,,,,,,,,,,,,,
,,,,,,,,,,,,,,,,,
,,,,,,,,,,,,,,,,,
,,,,,,,,,,,,,,,,,
,,,,,,,,,,,,,,,,,
,,,,,,,,,,,,,,,,,
,,,,,,,,,,,,,,,,,
,,,,,,,,,,,,,,,,,
,,,,,,,,,,,,,,,,,
,,,,,,,,,,,,,,,,,
,,,,,,,,,,,,,,,,,
,,,,,,,,,,,,,,,,,
,,,,,,,,,,,,,,,,,
,,,,,,,,,,,,,,,,,
,,,,,,,,,,,,,,,,,
,,,,,,,,,,,,,,,,,
,,,,,,,,,,,,,,,,,
,,,,,,,,,,,,,,,,,
,,,,,,,,,,,,,,,,,
,,,,,,,,,,,,,,,,,
,,,,,,,,,,,,,,,,,
,,,,,,,,,,,,,,,,,
,,,,,,,,,,,,,,,,,
,,,,,,,,,,,,,,,,,
,,,,,,,,,,,,,,,,,
,,,,,,,,,,,,,,,,,
,,,,,,,,,,,,,,,,,
,,,,,,,,,,,,,,,,,
,,,,,,,,,,,,,,,,,
,,,,,,,,,,,,,,,,,
,,,,,,,,,,,,,,,,,
,,,,,,,,,,,,,,,,,
,,,,,,,,,,,,,,,,,
,,,,,,,,,,,,,,,,,
,,,,,,,,,,,,,,,,,
,,,,,,,,,,,,,,,,,
,,,,,,,,,,,,,,,,,
,,,,,,,,,,,,,,,,,
,,,,,,,,,,,,,,,,,
,,,,,,,,,,,,,,,,,
,,,,,,,,,,,,,,,,,
,,,,,,,,,,,,,,,,,
,,,,,,,,,,,,,,,,,
,,,,,,,,,,,,,,,,,
,,,,,,,,,,,,,,,,,
,,,,,,,,,,,,,,,,,
,,,,,,,,,,,,,,,,,
,,,,,,,,,,,,,,,,,
,,,,,,,,,,,,,,,,,
,,,,,,,,,,,,,,,,,
,,,,,,,,,,,,,,,,,
,,,,,,,,,,,,,,,,,
,,,,,,,,,,,,,,,,,
,,,,,,,,,,,,,,,,,
,,,,,,,,,,,,,,,,,
,,,,,,,,,,,,,,,,,
,,,,,,,,,,,,,,,,,
,,,,,,,,,,,,,,,,,
,,,,,,,,,,,,,,,,,
,,,,,,,,,,,,,,,,,
,,,,,,,,,,,,,,,,,
,,,,,,,,,,,,,,,,,
,,,,,,,,,,,,,,,,,
,,,,,,,,,,,,,,,,,
,,,,,,,,,,,,,,,,,
,,,,,,,,,,,,,,,,,
,,,,,,,,,,,,,,,,,
,,,,,,,,,,,,,,,,,
,,,,,,,,,,,,,,,,,
,,,,,,,,,,,,,,,,,
,,,,,,,,,,,,,,,,,
,,,,,,,,,,,,,,,,,
,,,,,,,,,,,,,,,,,
,,,,,,,,,,,,,,,,,
,,,,,,,,,,,,,,,,,
,,,,,,,,,,,,,,,,,
,,,,,,,,,,,,,,,,,
,,,,,,,,,,,,,,,,,
,,,,,,,,,,,,,,,,,
,,,,,,,,,,,,,,,,,
,,,,,,,,,,,,,,,,,
,,,,,,,,,,,,,,,,,
,,,,,,,,,,,,,,,,,
,,,,,,,,,,,,,,,,,
,,,,,,,,,,,,,,,,,
,,,,,,,,,,,,,,,,,
,,,,,,,,,,,,,,,,,
,,,,,,,,,,,,,,,,,
,,,,,,,,,,,,,,,,,
,,,,,,,,,,,,,,,,,
,,,,,,,,,,,,,,,,,
,,,,,,,,,,,,,,,,,
,,,,,,,,,,,,,,,,,
,,,,,,,,,,,,,,,,,
,,,,,,,,,,,,,,,,,
,,,,,,,,,,,,,,,,,
,,,,,,,,,,,,,,,,,
,,,,,,,,,,,,,,,,,
,,,,,,,,,,,,,,,,,
,,,,,,,,,,,,,,,,,
,,,,,,,,,,,,,,,,,
,,,,,,,,,,,,,,,,,
,,,,,,,,,,,,,,,,,
,,,,,,,,,,,,,,,,,
,,,,,,,,,,,,,,,,,
,,,,,,,,,,,,,,,,,
,,,,,,,,,,,,,,,,,
,,,,,,,,,,,,,,,,,
,,,,,,,,,,,,,,,,,
,,,,,,,,,,,,,,,,,
,,,,,,,,,,,,,,,,,
,,,,,,,,,,,,,,,,,
,,,,,,,,,,,,,,,,,
,,,,,,,,,,,,,,,,,
,,,,,,,,,,,,,,,,,
,,,,,,,,,,,,,,,,,
,,,,,,,,,,,,,,,,,
,,,,,,,,,,,,,,,,,
,,,,,,,,,,,,,,,,,
,,,,,,,,,,,,,,,,,
,,,,,,,,,,,,,,,,,
,,,,,,,,,,,,,,,,,
,,,,,,,,,,,,,,,,,
,,,,,,,,,,,,,,,,,
,,,,,,,,,,,,,,,,,
,,,,,,,,,,,,,,,,,
,,,,,,,,,,,,,,,,,
,,,,,,,,,,,,,,,,,
,,,,,,,,,,,,,,,,,
,,,,,,,,,,,,,,,,,
,,,,,,,,,,,,,,,,,
,,,,,,,,,,,,,,,,,
,,,,,,,,,,,,,,,,,
,,,,,,,,,,,,,,,,,
,,,,,,,,,,,,,,,,,
,,,,,,,,,,,,,,,,,
,,,,,,,,,,,,,,,,,
,,,,,,,,,,,,,,,,,
,,,,,,,,,,,,,,,,,
,,,,,,,,,,,,,,,,,
,,,,,,,,,,,,,,,,,
,,,,,,,,,,,,,,,,,
,,,,,,,,,,,,,,,,,
,,,,,,,,,,,,,,,,,
,,,,,,,,,,,,,,,,,
,,,,,,,,,,,,,,,,,
,,,,,,,,,,,,,,,,,
,,,,,,,,,,,,,,,,,
,,,,,,,,,,,,,,,,,
,,,,,,,,,,,,,,,,,
,,,,,,,,,,,,,,,,,
,,,,,,,,,,,,,,,,,
,,,,,,,,,,,,,,,,,
,,,,,,,,,,,,,,,,,
,,,,,,,,,,,,,,,,,
,,,,,,,,,,,,,,,,,
,,,,,,,,,,,,,,,,,
,,,,,,,,,,,,,,,,,
,,,,,,,,,,,,,,,,,
,,,,,,,,,,,,,,,,,
,,,,,,,,,,,,,,,,,
,,,,,,,,,,,,,,,,,
,,,,,,,,,,,,,,,,,
,,,,,,,,,,,,,,,,,
,,,,,,,,,,,,,,,,,
,,,,,,,,,,,,,,,,,
,,,,,,,,,,,,,,,,,
,,,,,,,,,,,,,,,,,
,,,,,,,,,,,,,,,,,
,,,,,,,,,,,,,,,,,
,,,,,,,,,,,,,,,,,
,,,,,,,,,,,,,,,,,
,,,,,,,,,,,,,,,,,
,,,,,,,,,,,,,,,,,
,,,,,,,,,,,,,,,,,
,,,,,,,,,,,,,,,,,
,,,,,,,,,,,,,,,,,
,,,,,,,,,,,,,,,,,
,,,,,,,,,,,,,,,,,
,,,,,,,,,,,,,,,,,
,,,,,,,,,,,,,,,,,
,,,,,,,,,,,,,,,,,
,,,,,,,,,,,,,,,,,
,,,,,,,,,,,,,,,,,
,,,,,,,,,,,,,,,,,
,,,,,,,,,,,,,,,,,
,,,,,,,,,,,,,,,,,
,,,,,,,,,,,,,,,,,
,,,,,,,,,,,,,,,,,
,,,,,,,,,,,,,,,,,
,,,,,,,,,,,,,,,,,
,,,,,,,,,,,,,,,,,
,,,,,,,,,,,,,,,,,
,,,,,,,,,,,,,,,,,
,,,,,,,,,,,,,,,,,
,,,,,,,,,,,,,,,,,
,,,,,,,,,,,,,,,,,
,,,,,,,,,,,,,,,,,
,,,,,,,,,,,,,,,,,
,,,,,,,,,,,,,,,,,
,,,,,,,,,,,,,,,,,
,,,,,,,,,,,,,,,,,
,,,,,,,,,,,,,,,,,
,,,,,,,,,,,,,,,,,
,,,,,,,,,,,,,,,,,
,,,,,,,,,,,,,,,,,
,,,,,,,,,,,,,,,,,
,,,,,,,,,,,,,,,,,
,,,,,,,,,,,,,,,,,
,,,,,,,,,,,,,,,,,
,,,,,,,,,,,,,,,,,
,,,,,,,,,,,,,,,,,
,,,,,,,,,,,,,,,,,
,,,,,,,,,,,,,,,,,
,,,,,,,,,,,,,,,,,
,,,,,,,,,,,,,,,,,
,,,,,,,,,,,,,,,,,
,,,,,,,,,,,,,,,,,
,,,,,,,,,,,,,,,,,
,,,,,,,,,,,,,,,,,
,,,,,,,,,,,,,,,,,
,,,,,,,,,,,,,,,,,
,,,,,,,,,,,,,,,,,
,,,,,,,,,,,,,,,,,
,,,,,,,,,,,,,,,,,
,,,,,,,,,,,,,,,,,
,,,,,,,,,,,,,,,,,
,,,,,,,,,,,,,,,,,
,,,,,,,,,,,,,,,,,
,,,,,,,,,,,,,,,,,
,,,,,,,,,,,,,,,,,
,,,,,,,,,,,,,,,,,
,,,,,,,,,,,,,,,,,
,,,,,,,,,,,,,,,,,
,,,,,,,,,,,,,,,,,
,,,,,,,,,,,,,,,,,
,,,,,,,,,,,,,,,,,
,,,,,,,,,,,,,,,,,
,,,,,,,,,,,,,,,,,
,,,,,,,,,,,,,,,,,
,,,,,,,,,,,,,,,,,
,,,,,,,,,,,,,,,,,
,,,,,,,,,,,,,,,,,
,,,,,,,,,,,,,,,,,
,,,,,,,,,,,,,,,,,
,,,,,,,,,,,,,,,,,
,,,,,,,,,,,,,,,,,
,,,,,,,,,,,,,,,,,
,,,,,,,,,,,,,,,,,
,,,,,,,,,,,,,,,,,
,,,,,,,,,,,,,,,,,
,,,,,,,,,,,,,,,,,
,,,,,,,,,,,,,,,,,
,,,,,,,,,,,,,,,,,
,,,,,,,,,,,,,,,,,
,,,,,,,,,,,,,,,,,
,,,,,,,,,,,,,,,,,
,,,,,,,,,,,,,,,,,
,,,,,,,,,,,,,,,,,
,,,,,,,,,,,,,,,,,
,,,,,,,,,,,,,,,,,
,,,,,,,,,,,,,,,,,
,,,,,,,,,,,,,,,,,
,,,,,,,,,,,,,,,,,
,,,,,,,,,,,,,,,,,
,,,,,,,,,,,,,,,,,
,,,,,,,,,,,,,,,,,
,,,,,,,,,,,,,,,,,
,,,,,,,,,,,,,,,,,
,,,,,,,,,,,,,,,,,
,,,,,,,,,,,,,,,,,
,,,,,,,,,,,,,,,,,
,,,,,,,,,,,,,,,,,
,,,,,,,,,,,,,,,,,
,,,,,,,,,,,,,,,,,
,,,,,,,,,,,,,,,,,
,,,,,,,,,,,,,,,,,
,,,,,,,,,,,,,,,,,
,,,,,,,,,,,,,,,,,
,,,,,,,,,,,,,,,,,
,,,,,,,,,,,,,,,,,
,,,,,,,,,,,,,,,,,
,,,,,,,,,,,,,,,,,
,,,,,,,,,,,,,,,,,
,,,,,,,,,,,,,,,,,
,,,,,,,,,,,,,,,,,
,,,,,,,,,,,,,,,,,
,,,,,,,,,,,,,,,,,
,,,,,,,,,,,,,,,,,
,,,,,,,,,,,,,,,,,
,,,,,,,,,,,,,,,,,
,,,,,,,,,,,,,,,,,
,,,,,,,,,,,,,,,,,
,,,,,,,,,,,,,,,,,
,,,,,,,,,,,,,,,,,
,,,,,,,,,,,,,,,,,
,,,,,,,,,,,,,,,,,
,,,,,,,,,,,,,,,,,
,,,,,,,,,,,,,,,,,
,,,,,,,,,,,,,,,,,
,,,,,,,,,,,,,,,,,
,,,,,,,,,,,,,,,,,
,,,,,,,,,,,,,,,,,
,,,,,,,,,,,,,,,,,
,,,,,,,,,,,,,,,,,
,,,,,,,,,,,,,,,,,
,,,,,,,,,,,,,,,,,
,,,,,,,,,,,,,,,,,
,,,,,,,,,,,,,,,,,
,,,,,,,,,,,,,,,,,
,,,,,,,,,,,,,,,,,
,,,,,,,,,,,,,,,,,
,,,,,,,,,,,,,,,,,
,,,,,,,,,,,,,,,,,
,,,,,,,,,,,,,,,,,
,,,,,,,,,,,,,,,,,
,,,,,,,,,,,,,,,,,
,,,,,,,,,,,,,,,,,
,,,,,,,,,,,,,,,,,
,,,,,,,,,,,,,,,,,
,,,,,,,,,,,,,,,,,
,,,,,,,,,,,,,,,,,
,,,,,,,,,,,,,,,,,
,,,,,,,,,,,,,,,,,
,,,,,,,,,,,,,,,,,
,,,,,,,,,,,,,,,,,
,,,,,,,,,,,,,,,,,
,,,,,,,,,,,,,,,,,
,,,,,,,,,,,,,,,,,
,,,,,,,,,,,,,,,,,
,,,,,,,,,,,,,,,,,
,,,,,,,,,,,,,,,,,
,,,,,,,,,,,,,,,,,
,,,,,,,,,,,,,,,,,
,,,,,,,,,,,,,,,,,
,,,,,,,,,,,,,,,,,
,,,,,,,,,,,,,,,,,
,,,,,,,,,,,,,,,,,
,,,,,,,,,,,,,,,,,
,,,,,,,,,,,,,,,,,
,,,,,,,,,,,,,,,,,
,,,,,,,,,,,,,,,,,
,,,,,,,,,,,,,,,,,
,,,,,,,,,,,,,,,,,
,,,,,,,,,,,,,,,,,
,,,,,,,,,,,,,,,,,
,,,,,,,,,,,,,,,,,
,,,,,,,,,,,,,,,,,
,,,,,,,,,,,,,,,,,
,,,,,,,,,,,,,,,,,
,,,,,,,,,,,,,,,,,
,,,,,,,,,,,,,,,,,
,,,,,,,,,,,,,,,,,
,,,,,,,,,,,,,,,,,
,,,,,,,,,,,,,,,,,
,,,,,,,,,,,,,,,,,
,,,,,,,,,,,,,,,,,
,,,,,,,,,,,,,,,,,
,,,,,,,,,,,,,,,,,
,,,,,,,,,,,,,,,,,
,,,,,,,,,,,,,,,,,
,,,,,,,,,,,,,,,,,
,,,,,,,,,,,,,,,,,
,,,,,,,,,,,,,,,,,
,,,,,,,,,,,,,,,,,
,,,,,,,,,,,,,,,,,
,,,,,,,,,,,,,,,,,
,,,,,,,,,,,,,,,,,
,,,,,,,,,,,,,,,,,
,,,,,,,,,,,,,,,,,
,,,,,,,,,,,,,,,,,
,,,,,,,,,,,,,,,,,
,,,,,,,,,,,,,,,,,
,,,,,,,,,,,,,,,,,
,,,,,,,,,,,,,,,,,
,,,,,,,,,,,,,,,,,
,,,,,,,,,,,,,,,,,
,,,,,,,,,,,,,,,,,
,,,,,,,,,,,,,,,,,
,,,,,,,,,,,,,,,,,
,,,,,,,,,,,,,,,,,
,,,,,,,,,,,,,,,,,
,,,,,,,,,,,,,,,,,
,,,,,,,,,,,,,,,,,
,,,,,,,,,,,,,,,,,
,,,,,,,,,,,,,,,,,
,,,,,,,,,,,,,,,,,
,,,,,,,,,,,,,,,,,
,,,,,,,,,,,,,,,,,
,,,,,,,,,,,,,,,,,
,,,,,,,,,,,,,,,,,
,,,,,,,,,,,,,,,,,
,,,,,,,,,,,,,,,,,
,,,,,,,,,,,,,,,,,
,,,,,,,,,,,,,,,,,
,,,,,,,,,,,,,,,,,
,,,,,,,,,,,,,,,,,
,,,,,,,,,,,,,,,,,
,,,,,,,,,,,,,,,,,
,,,,,,,,,,,,,,,,,
,,,,,,,,,,,,,,,,,
,,,,,,,,,,,,,,,,,
,,,,,,,,,,,,,,,,,
,,,,,,,,,,,,,,,,,
,,,,,,,,,,,,,,,,,
,,,,,,,,,,,,,,,,,
,,,,,,,,,,,,,,,,,
,,,,,,,,,,,,,,,,,
,,,,,,,,,,,,,,,,,
,,,,,,,,,,,,,,,,,
,,,,,,,,,,,,,,,,,
,,,,,,,,,,,,,,,,,
,,,,,,,,,,,,,,,,,
,,,,,,,,,,,,,,,,,
,,,,,,,,,,,,,,,,,
,,,,,,,,,,,,,,,,,
,,,,,,,,,,,,,,,,,
,,,,,,,,,,,,,,,,,
,,,,,,,,,,,,,,,,,
,,,,,,,,,,,,,,,,,
,,,,,,,,,,,,,,,,,
,,,,,,,,,,,,,,,,,
,,,,,,,,,,,,,,,,,
,,,,,,,,,,,,,,,,,
,,,,,,,,,,,,,,,,,
,,,,,,,,,,,,,,,,,
,,,,,,,,,,,,,,,,,
,,,,,,,,,,,,,,,,,
,,,,,,,,,,,,,,,,,
,,,,,,,,,,,,,,,,,
,,,,,,,,,,,,,,,,,
,,,,,,,,,,,,,,,,,
,,,,,,,,,,,,,,,,,
,,,,,,,,,,,,,,,,,
,,,,,,,,,,,,,,,,,
,,,,,,,,,,,,,,,,,
,,,,,,,,,,,,,,,,,
,,,,,,,,,,,,,,,,,
,,,,,,,,,,,,,,,,,
,,,,,,,,,,,,,,,,,
,,,,,,,,,,,,,,,,,
,,,,,,,,,,,,,,,,,
,,,,,,,,,,,,,,,,,
,,,,,,,,,,,,,,,,,
,,,,,,,,,,,,,,,,,
,,,,,,,,,,,,,,,,,
,,,,,,,,,,,,,,,,,
,,,,,,,,,,,,,,,,,
,,,,,,,,,,,,,,,,,
,,,,,,,,,,,,,,,,,
,,,,,,,,,,,,,,,,,
,,,,,,,,,,,,,,,,,
,,,,,,,,,,,,,,,,,
,,,,,,,,,,,,,,,,,
,,,,,,,,,,,,,,,,,
,,,,,,,,,,,,,,,,,
,,,,,,,,,,,,,,,,,
,,,,,,,,,,,,,,,,,
,,,,,,,,,,,,,,,,,
,,,,,,,,,,,,,,,,,
,,,,,,,,,,,,,,,,,
,,,,,,,,,,,,,,,,,
,,,,,,,,,,,,,,,,,
,,,,,,,,,,,,,,,,,
,,,,,,,,,,,,,,,,,
,,,,,,,,,,,,,,,,,
,,,,,,,,,,,,,,,,,
,,,,,,,,,,,,,,,,,
,,,,,,,,,,,,,,,,,
,,,,,,,,,,,,,,,,,
,,,,,,,,,,,,,,,,,
,,,,,,,,,,,,,,,,,
,,,,,,,,,,,,,,,,,
,,,,,,,,,,,,,,,,,
,,,,,,,,,,,,,,,,,
,,,,,,,,,,,,,,,,,
,,,,,,,,,,,,,,,,,
,,,,,,,,,,,,,,,,,
,,,,,,,,,,,,,,,,,
,,,,,,,,,,,,,,,,,
,,,,,,,,,,,,,,,,,
,,,,,,,,,,,,,,,,,
,,,,,,,,,,,,,,,,,
,,,,,,,,,,,,,,,,,
,,,,,,,,,,,,,,,,,
,,,,,,,,,,,,,,,,,
,,,,,,,,,,,,,,,,,
,,,,,,,,,,,,,,,,,
,,,,,,,,,,,,,,,,,
,,,,,,,,,,,,,,,,,
,,,,,,,,,,,,,,,,,
,,,,,,,,,,,,,,,,,
,,,,,,,,,,,,,,,,,
,,,,,,,,,,,,,,,,,
,,,,,,,,,,,,,,,,,
,,,,,,,,,,,,,,,,,
,,,,,,,,,,,,,,,,,
,,,,,,,,,,,,,,,,,
,,,,,,,,,,,,,,,,,
,,,,,,,,,,,,,,,,,
,,,,,,,,,,,,,,,,,
,,,,,,,,,,,,,,,,,
,,,,,,,,,,,,,,,,,
,,,,,,,,,,,,,,,,,
,,,,,,,,,,,,,,,,,
,,,,,,,,,,,,,,,,,
,,,,,,,,,,,,,,,,,
,,,,,,,,,,,,,,,,,
,,,,,,,,,,,,,,,,,
,,,,,,,,,,,,,,,,,
,,,,,,,,,,,,,,,,,
,,,,,,,,,,,,,,,,,
,,,,,,,,,,,,,,,,,
,,,,,,,,,,,,,,,,,
,,,,,,,,,,,,,,,,,
,,,,,,,,,,,,,,,,,
,,,,,,,,,,,,,,,,,
,,,,,,,,,,,,,,,,,
,,,,,,,,,,,,,,,,,
,,,,,,,,,,,,,,,,,
,,,,,,,,,,,,,,,,,
,,,,,,,,,,,,,,,,,
,,,,,,,,,,,,,,,,,
,,,,,,,,,,,,,,,,,
,,,,,,,,,,,,,,,,,
,,,,,,,,,,,,,,,,,
,,,,,,,,,,,,,,,,,
,,,,,,,,,,,,,,,,,
,,,,,,,,,,,,,,,,,
,,,,,,,,,,,,,,,,,
,,,,,,,,,,,,,,,,,
,,,,,,,,,,,,,,,,,
,,,,,,,,,,,,,,,,,
,,,,,,,,,,,,,,,,,
,,,,,,,,,,,,,,,,,
,,,,,,,,,,,,,,,,,
,,,,,,,,,,,,,,,,,
,,,,,,,,,,,,,,,,,
,,,,,,,,,,,,,,,,,
,,,,,,,,,,,,,,,,,
,,,,,,,,,,,,,,,,,
,,,,,,,,,,,,,,,,,
,,,,,,,,,,,,,,,,,
,,,,,,,,,,,,,,,,,
,,,,,,,,,,,,,,,,,
,,,,,,,,,,,,,,,,,
,,,,,,,,,,,,,,,,,
,,,,,,,,,,,,,,,,,
,,,,,,,,,,,,,,,,,
,,,,,,,,,,,,,,,,,
,,,,,,,,,,,,,,,,,
,,,,,,,,,,,,,,,,,
,,,,,,,,,,,,,,,,,
,,,,,,,,,,,,,,,,,
,,,,,,,,,,,,,,,,,
,,,,,,,,,,,,,,,,,
,,,,,,,,,,,,,,,,,
,,,,,,,,,,,,,,,,,
,,,,,,,,,,,,,,,,,
,,,,,,,,,,,,,,,,,
,,,,,,,,,,,,,,,,,
,,,,,,,,,,,,,,,,,
,,,,,,,,,,,,,,,,,
,,,,,,,,,,,,,,,,,
,,,,,,,,,,,,,,,,,
,,,,,,,,,,,,,,,,,
,,,,,,,,,,,,,,,,,
,,,,,,,,,,,,,,,,,
,,,,,,,,,,,,,,,,,
,,,,,,,,,,,,,,,,,
,,,,,,,,,,,,,,,,,
,,,,,,,,,,,,,,,,,
,,,,,,,,,,,,,,,,,
,,,,,,,,,,,,,,,,,
,,,,,,,,,,,,,,,,,
,,,,,,,,,,,,,,,,,
,,,,,,,,,,,,,,,,,
,,,,,,,,,,,,,,,,,
,,,,,,,,,,,,,,,,,
,,,,,,,,,,,,,,,,,
,,,,,,,,,,,,,,,,,
,,,,,,,,,,,,,,,,,
,,,,,,,,,,,,,,,,,
,,,,,,,,,,,,,,,,,
,,,,,,,,,,,,,,,,,
,,,,,,,,,,,,,,,,,
,,,,,,,,,,,,,,,,,
,,,,,,,,,,,,,,,,,
,,,,,,,,,,,,,,,,,
,,,,,,,,,,,,,,,,,
,,,,,,,,,,,,,,,,,
,,,,,,,,,,,,,,,,,
,,,,,,,,,,,,,,,,,
,,,,,,,,,,,,,,,,,
,,,,,,,,,,,,,,,,,
,,,,,,,,,,,,,,,,,
,,,,,,,,,,,,,,,,,
,,,,,,,,,,,,,,,,,
,,,,,,,,,,,,,,,,,
,,,,,,,,,,,,,,,,,
,,,,,,,,,,,,,,,,,
,,,,,,,,,,,,,,,,,
,,,,,,,,,,,,,,,,,
,,,,,,,,,,,,,,,,,
,,,,,,,,,,,,,,,,,
,,,,,,,,,,,,,,,,,
,,,,,,,,,,,,,,,,,
,,,,,,,,,,,,,,,,,
,,,,,,,,,,,,,,,,,
,,,,,,,,,,,,,,,,,
,,,,,,,,,,,,,,,,,
,,,,,,,,,,,,,,,,,
,,,,,,,,,,,,,,,,,
,,,,,,,,,,,,,,,,,
,,,,,,,,,,,,,,,,,
,,,,,,,,,,,,,,,,,
,,,,,,,,,,,,,,,,,
,,,,,,,,,,,,,,,,,
,,,,,,,,,,,,,,,,,
,,,,,,,,,,,,,,,,,
,,,,,,,,,,,,,,,,,
,,,,,,,,,,,,,,,,,
,,,,,,,,,,,,,,,,,
,,,,,,,,,,,,,,,,,
,,,,,,,,,,,,,,,,,
,,,,,,,,,,,,,,,,,
,,,,,,,,,,,,,,,,,
,,,,,,,,,,,,,,,,,
,,,,,,,,,,,,,,,,,
,,,,,,,,,,,,,,,,,
,,,,,,,,,,,,,,,,,
,,,,,,,,,,,,,,,,,
,,,,,,,,,,,,,,,,,
,,,,,,,,,,,,,,,,,
,,,,,,,,,,,,,,,,,
,,,,,,,,,,,,,,,,,
,,,,,,,,,,,,,,,,,
,,,,,,,,,,,,,,,,,
,,,,,,,,,,,,,,,,,
,,,,,,,,,,,,,,,,,
,,,,,,,,,,,,,,,,,
,,,,,,,,,,,,,,,,,
,,,,,,,,,,,,,,,,,
,,,,,,,,,,,,,,,,,
,,,,,,,,,,,,,,,,,
,,,,,,,,,,,,,,,,,
,,,,,,,,,,,,,,,,,
,,,,,,,,,,,,,,,,,
,,,,,,,,,,,,,,,,,
,,,,,,,,,,,,,,,,,
,,,,,,,,,,,,,,,,,
,,,,,,,,,,,,,,,,,
,,,,,,,,,,,,,,,,,
,,,,,,,,,,,,,,,,,
,,,,,,,,,,,,,,,,,
,,,,,,,,,,,,,,,,,
,,,,,,,,,,,,,,,,,
,,,,,,,,,,,,,,,,,
,,,,,,,,,,,,,,,,,
,,,,,,,,,,,,,,,,,
,,,,,,,,,,,,,,,,,
,,,,,,,,,,,,,,,,,
,,,,,,,,,,,,,,,,,
,,,,,,,,,,,,,,,,,
,,,,,,,,,,,,,,,,,
,,,,,,,,,,,,,,,,,
,,,,,,,,,,,,,,,,,
,,,,,,,,,,,,,,,,,
,,,,,,,,,,,,,,,,,
,,,,,,,,,,,,,,,,,
,,,,,,,,,,,,,,,,,
,,,,,,,,,,,,,,,,,
,,,,,,,,,,,,,,,,,
,,,,,,,,,,,,,,,,,
,,,,,,,,,,,,,,,,,
,,,,,,,,,,,,,,,,,
,,,,,,,,,,,,,,,,,
,,,,,,,,,,,,,,,,,
,,,,,,,,,,,,,,,,,
,,,,,,,,,,,,,,,,,
,,,,,,,,,,,,,,,,,
,,,,,,,,,,,,,,,,,
,,,,,,,,,,,,,,,,,
,,,,,,,,,,,,,,,,,
,,,,,,,,,,,,,,,,,
,,,,,,,,,,,,,,,,,
,,,,,,,,,,,,,,,,,
,,,,,,,,,,,,,,,,,
,,,,,,,,,,,,,,,,,
,,,,,,,,,,,,,,,,,
,,,,,,,,,,,,,,,,,
,,,,,,,,,,,,,,,,,
,,,,,,,,,,,,,,,,,
,,,,,,,,,,,,,,,,,
,,,,,,,,,,,,,,,,,
,,,,,,,,,,,,,,,,,
,,,,,,,,,,,,,,,,,
,,,,,,,,,,,,,,,,,
,,,,,,,,,,,,,,,,,
,,,,,,,,,,,,,,,,,
,,,,,,,,,,,,,,,,,
,,,,,,,,,,,,,,,,,
,,,,,,,,,,,,,,,,,
,,,,,,,,,,,,,,,,,
,,,,,,,,,,,,,,,,,
,,,,,,,,,,,,,,,,,
,,,,,,,,,,,,,,,,,
,,,,,,,,,,,,,,,,,
,,,,,,,,,,,,,,,,,
,,,,,,,,,,,,,,,,,
,,,,,,,,,,,,,,,,,
,,,,,,,,,,,,,,,,,
,,,,,,,,,,,,,,,,,
,,,,,,,,,,,,,,,,,
,,,,,,,,,,,,,,,,,
,,,,,,,,,,,,,,,,,
,,,,,,,,,,,,,,,,,
,,,,,,,,,,,,,,,,,
,,,,,,,,,,,,,,,,,
,,,,,,,,,,,,,,,,,
,,,,,,,,,,,,,,,,,
,,,,,,,,,,,,,,,,,
,,,,,,,,,,,,,,,,,
,,,,,,,,,,,,,,,,,
,,,,,,,,,,,,,,,,,
,,,,,,,,,,,,,,,,,
,,,,,,,,,,,,,,,,,
,,,,,,,,,,,,,,,,,
,,,,,,,,,,,,,,,,,
,,,,,,,,,,,,,,,,,
,,,,,,,,,,,,,,,,,
,,,,,,,,,,,,,,,,,
,,,,,,,,,,,,,,,,,
,,,,,,,,,,,,,,,,,
,,,,,,,,,,,,,,,,,
,,,,,,,,,,,,,,,,,
,,,,,,,,,,,,,,,,,
,,,,,,,,,,,,,,,,,
,,,,,,,,,,,,,,,,,
,,,,,,,,,,,,,,,,,
,,,,,,,,,,,,,,,,,
,,,,,,,,,,,,,,,,,
,,,,,,,,,,,,,,,,,
,,,,,,,,,,,,,,,,,
,,,,,,,,,,,,,,,,,
,,,,,,,,,,,,,,,,,
,,,,,,,,,,,,,,,,,
,,,,,,,,,,,,,,,,,
,,,,,,,,,,,,,,,,,
,,,,,,,,,,,,,,,,,
,,,,,,,,,,,,,,,,,
,,,,,,,,,,,,,,,,,
,,,,,,,,,,,,,,,,,
,,,,,,,,,,,,,,,,,
,,,,,,,,,,,,,,,,,
,,,,,,,,,,,,,,,,,
,,,,,,,,,,,,,,,,,
,,,,,,,,,,,,,,,,,
,,,,,,,,,,,,,,,,,
,,,,,,,,,,,,,,,,,
,,,,,,,,,,,,,,,,,
,,,,,,,,,,,,,,,,,
,,,,,,,,,,,,,,,,,
,,,,,,,,,,,,,,,,,
,,,,,,,,,,,,,,,,,
,,,,,,,,,,,,,,,,,
,,,,,,,,,,,,,,,,,
,,,,,,,,,,,,,,,,,
,,,,,,,,,,,,,,,,,
,,,,,,,,,,,,,,,,,
,,,,,,,,,,,,,,,,,
,,,,,,,,,,,,,,,,,
,,,,,,,,,,,,,,,,,
,,,,,,,,,,,,,,,,,
,,,,,,,,,,,,,,,,,
,,,,,,,,,,,,,,,,,
,,,,,,,,,,,,,,,,,
,,,,,,,,,,,,,,,,,
,,,,,,,,,,,,,,,,,
,,,,,,,,,,,,,,,,,
,,,,,,,,,,,,,,,,,
,,,,,,,,,,,,,,,,,
,,,,,,,,,,,,,,,,,
,,,,,,,,,,,,,,,,,
,,,,,,,,,,,,,,,,,
,,,,,,,,,,,,,,,,,
,,,,,,,,,,,,,,,,,
,,,,,,,,,,,,,,,,,
,,,,,,,,,,,,,,,,,
,,,,,,,,,,,,,,,,,
,,,,,,,,,,,,,,,,,
,,,,,,,,,,,,,,,,,
,,,,,,,,,,,,,,,,,
,,,,,,,,,,,,,,,,,
,,,,,,,,,,,,,,,,,
,,,,,,,,,,,,,,,,,
,,,,,,,,,,,,,,,,,
,,,,,,,,,,,,,,,,,
,,,,,,,,,,,,,,,,,
,,,,,,,,,,,,,,,,,
,,,,,,,,,,,,,,,,,
,,,,,,,,,,,,,,,,,
,,,,,,,,,,,,,,,,,
,,,,,,,,,,,,,,,,,
,,,,,,,,,,,,,,,,,
,,,,,,,,,,,,,,,,,
,,,,,,,,,,,,,,,,,
,,,,,,,,,,,,,,,,,
,,,,,,,,,,,,,,,,,
,,,,,,,,,,,,,,,,,
,,,,,,,,,,,,,,,,,
,,,,,,,,,,,,,,,,,
,,,,,,,,,,,,,,,,,
,,,,,,,,,,,,,,,,,
,,,,,,,,,,,,,,,,,
,,,,,,,,,,,,,,,,,
,,,,,,,,,,,,,,,,,
,,,,,,,,,,,,,,,,,
,,,,,,,,,,,,,,,,,
,,,,,,,,,,,,,,,,,
,,,,,,,,,,,,,,,,,
,,,,,,,,,,,,,,,,,
,,,,,,,,,,,,,,,,,
,,,,,,,,,,,,,,,,,
,,,,,,,,,,,,,,,,,
,,,,,,,,,,,,,,,,,
,,,,,,,,,,,,,,,,,
,,,,,,,,,,,,,,,,,
,,,,,,,,,,,,,,,,,
,,,,,,,,,,,,,,,,,
,,,,,,,,,,,,,,,,,
,,,,,,,,,,,,,,,,,
,,,,,,,,,,,,,,,,,
,,,,,,,,,,,,,,,,,
,,,,,,,,,,,,,,,,,
,,,,,,,,,,,,,,,,,
,,,,,,,,,,,,,,,,,
,,,,,,,,,,,,,,,,,
,,,,,,,,,,,,,,,,,
,,,,,,,,,,,,,,,,,
,,,,,,,,,,,,,,,,,
,,,,,,,,,,,,,,,,,
,,,,,,,,,,,,,,,,,
,,,,,,,,,,,,,,,,,
,,,,,,,,,,,,,,,,,
,,,,,,,,,,,,,,,,,
,,,,,,,,,,,,,,,,,
,,,,,,,,,,,,,,,,,
,,,,,,,,,,,,,,,,,
,,,,,,,,,,,,,,,,,
,,,,,,,,,,,,,,,,,
,,,,,,,,,,,,,,,,,
,,,,,,,,,,,,,,,,,
,,,,,,,,,,,,,,,,,
,,,,,,,,,,,,,,,,,
,,,,,,,,,,,,,,,,,
,,,,,,,,,,,,,,,,,
,,,,,,,,,,,,,,,,,
,,,,,,,,,,,,,,,,,
,,,,,,,,,,,,,,,,,
,,,,,,,,,,,,,,,,,
,,,,,,,,,,,,,,,,,
,,,,,,,,,,,,,,,,,
,,,,,,,,,,,,,,,,,
,,,,,,,,,,,,,,,,,
,,,,,,,,,,,,,,,,,
,,,,,,,,,,,,,,,,,
,,,,,,,,,,,,,,,,,
,,,,,,,,,,,,,,,,,
,,,,,,,,,,,,,,,,,
,,,,,,,,,,,,,,,,,
,,,,,,,,,,,,,,,,,
,,,,,,,,,,,,,,,,,
,,,,,,,,,,,,,,,,,
,,,,,,,,,,,,,,,,,
,,,,,,,,,,,,,,,,,
,,,,,,,,,,,,,,,,,
,,,,,,,,,,,,,,,,,
,,,,,,,,,,,,,,,,,
,,,,,,,,,,,,,,,,,
,,,,,,,,,,,,,,,,,
,,,,,,,,,,,,,,,,,
,,,,,,,,,,,,,,,,,
,,,,,,,,,,,,,,,,,
,,,,,,,,,,,,,,,,,
,,,,,,,,,,,,,,,,,
,,,,,,,,,,,,,,,,,
,,,,,,,,,,,,,,,,,
,,,,,,,,,,,,,,,,,
,,,,,,,,,,,,,,,,,
,,,,,,,,,,,,,,,,,
,,,,,,,,,,,,,,,,,
,,,,,,,,,,,,,,,,,
,,,,,,,,,,,,,,,,,
,,,,,,,,,,,,,,,,,
,,,,,,,,,,,,,,,,,
,,,,,,,,,,,,,,,,,
,,,,,,,,,,,,,,,,,
,,,,,,,,,,,,,,,,,
,,,,,,,,,,,,,,,,,
,,,,,,,,,,,,,,,,,
,,,,,,,,,,,,,,,,,
,,,,,,,,,,,,,,,,,
,,,,,,,,,,,,,,,,,
,,,,,,,,,,,,,,,,,
,,,,,,,,,,,,,,,,,
,,,,,,,,,,,,,,,,,
,,,,,,,,,,,,,,,,,
,,,,,,,,,,,,,,,,,
,,,,,,,,,,,,,,,,,
,,,,,,,,,,,,,,,,,
,,,,,,,,,,,,,,,,,
,,,,,,,,,,,,,,,,,
,,,,,,,,,,,,,,,,,
,,,,,,,,,,,,,,,,,
,,,,,,,,,,,,,,,,,
,,,,,,,,,,,,,,,,,
,,,,,,,,,,,,,,,,,
,,,,,,,,,,,,,,,,,
,,,,,,,,,,,,,,,,,
,,,,,,,,,,,,,,,,,
,,,,,,,,,,,,,,,,,
,,,,,,,,,,,,,,,,,
,,,,,,,,,,,,,,,,,
,,,,,,,,,,,,,,,,,
,,,,,,,,,,,,,,,,,
,,,,,,,,,,,,,,,,,
,,,,,,,,,,,,,,,,,
,,,,,,,,,,,,,,,,,
,,,,,,,,,,,,,,,,,
,,,,,,,,,,,,,,,,,
,,,,,,,,,,,,,,,,,
,,,,,,,,,,,,,,,,,
,,,,,,,,,,,,,,,,,
,,,,,,,,,,,,,,,,,
,,,,,,,,,,,,,,,,,
,,,,,,,,,,,,,,,,,
,,,,,,,,,,,,,,,,,
,,,,,,,,,,,,,,,,,
,,,,,,,,,,,,,,,,,
,,,,,,,,,,,,,,,,,
,,,,,,,,,,,,,,,,,
,,,,,,,,,,,,,,,,,
,,,,,,,,,,,,,,,,,
,,,,,,,,,,,,,,,,,
,,,,,,,,,,,,,,,,,
,,,,,,,,,,,,,,,,,
,,,,,,,,,,,,,,,,,
,,,,,,,,,,,,,,,,,
,,,,,,,,,,,,,,,,,
,,,,,,,,,,,,,,,,,
,,,,,,,,,,,,,,,,,
,,,,,,,,,,,,,,,,,
,,,,,,,,,,,,,,,,,
